Q9PZT0	Q9PZT0
Q9PZT0	A0A7G9U7G5
Q9PZT0	B3U136
Q9PZT0	Q5UAX6
Q9PZT0	Q75U75
Q9PZT0	J3SB72
Q9PZT0	D6CHV7
Q9PZT0	Q8JYD9
Q9PZT0	Q308G8
Q9PZT0	A0A5B8WBK0
Q9PZT0	G0YEQ3
Q9PZT0	A0A0S2Z369
Q9PZT0	S5ZHS8
Q9PZT0	Q85191
Q9PZT0	A0A7G9U7G2
Q9PZT0	Q75U72
Q9PZT0	J3SMS0
Q9PZT0	J7FD51
Q9PZT0	B3U116
Q9PZT0	D6CHV4
Q9PZT0	A0A0S2Z2H9
Q9PZT0	B3U140
Q9PZT0	S5YSE4
Q9PZT0	P89317
Q9PZT0	P89316
Q9PZT0	B3U144
Q9PZT0	A0A7D7FB50
Q9PZT0	P07299
Q9PZT0	J3SB87
Q9PZT0	A0A076JTS1
Q9PZT0	Q6EVA6
Q9PZT0	A0A7D7FTJ3
Q9PZT0	B6V7D5
Q9PZT0	Q9JGS0
Q9PZT0	Q2PZ27
Q9PZT0	E5L8C5
Q9PZT0	A0A7G9U7F6
Q9PZT0	J3SMU7
Q9PZT0	E5L8C7
Q9PZT0	B3U124
Q9PZT0	P89318
Q9PZT0	Q8JYE3
Q9PZT0	B3U153
Q9PZT0	A0A0S2Z2H1
Q9PZT0	B3U108
Q9PZT0	Q6DT43
Q9PZT0	Q75U87
Q9PZT0	S5YSD3
Q9PZT0	A0A7D7J6N0
Q9PZT0	Q9PZT6
Q9PZT0	B3U133
Q9PZT0	Q207A6
Q9PZT0	B3U132
Q9PZT0	Q308H8
Q9PZT0	Q65789
Q9PZT0	Q9WKM0
Q9PZT0	B3U129
Q9PZT0	Q6RCN1
Q9PZT0	A0A097C0R4
Q9PZT0	A3F779
Q9PZT0	P90224
Q9PZT0	Q2MJ79
Q9PZT0	Q75U93
Q9PZT0	B3U166
Q9PZT0	B3U104
Q9PZT0	Q6PST3
Q9PZT0	D6CHU8
Q9PZT0	B3U143
Q9PZT0	B3U121
Q9PZT0	Q912B8
Q9PZT0	S5ZHI4
Q9PZT0	S5ZHE1
Q9PZT0	J3SMU4
Q9PZT0	A0A0N9H8I6
Q9PZT0	Q75U78
Q9PZT0	A0A451G0N7
Q9PZT0	A0A097C0P8
Q9PZT0	B3U161
Q9PZT0	B3U131
Q9PZT0	B3U157
Q9PZT0	S5ZXY8
Q9PZT0	Q68YR6
Q9PZT0	Q8JN56
Q9PZT0	J7FD54
Q9PZT0	D6CHW0
Q9PZT0	S5YSG5
Q9PZT0	Q6EVB5
Q9PZT0	B3U162
Q9PZT0	Q9PZU0
Q9PZT0	Q6TV11
Q9PZT0	A0A6C0RW73
Q9PZT0	Q68YQ3
Q9PZT0	J7FE07
Q9PZT0	Q38IT3
Q9PZT0	A0A6C0RTV5
Q9PZT0	J7FDJ8
Q9PZT0	D6CHU5
Q9PZT0	A0A223LK24
Q9PZT0	A0A097C0Q9
Q9PZT0	A0A6C0R645
Q9PZT0	B3U118
Q9PZT0	Q75U81
Q9PZT0	B3U151
Q9PZT0	A0A0S2Z2J5
Q9PZT0	D6CHV1
Q9PZT0	A0A7D7FD16
Q9PZT0	B3U145
Q9PZT0	Q2MJ85
Q9PZT0	Q913X1
Q9PZT0	J7FCR9
Q9PZT0	E3VNJ9
Q9PZT0	A0A7G6KLS7
Q9PZT0	Q3KTM3
Q9PZT0	P90223
Q9PZT0	Q38IT8
Q9PZT0	A0A097C0R6
Q9PZT0	P90221
Q9PZT0	B3U128
Q9PZT0	B7U462
Q9PZT0	Q9PZT4
Q9PZT0	A0A097C0P4
Q9PZT0	B8YQ91
Q9PZT0	B3U148
Q9PZT0	J3SMT2
Q9PZT0	J3SMS9
Q9PZT0	Q207A3
Q9PZT0	B3U159
Q9PZT0	A0A6C0RVP2
Q9PZT0	Q784S9
Q9PZT0	Q38IU3
Q9PZT0	J7FE04
Q9PZT0	Q68YQ9
Q9PZT0	Q2HZZ9
Q9PZT0	P89321
Q9PZT0	A0A0N9H8H9
Q9PZT0	A0A0K0PNP7
Q9PZT0	Q9PZT8
Q9PZT0	B3U119
Q9PZT0	Q68YQ6
Q9PZT0	Q2I004
Q9PZT0	S5YSD7
Q9PZT0	A0A076K005
Q9PZT0	Q85117
Q9PZT0	J7FDZ8
Q9PZT0	J3SN87
Q9PZT0	Q75U69
Q9PZT0	P89320
Q9PZT0	P89319
Q9PZT0	Q68YR3
Q9PZT0	S5ZHE7
Q9PZT0	A0A6C0RTX0
Q9PZT0	A0A0N9H6V3
Q9PZT0	J3SB84
Q9PZT0	Q913W8
Q9PZT0	A0A0S2Z2L3
Q9PZT0	A0A077AY72
Q9PZT0	P90222
Q9PZT0	J3SN81
Q9PZT0	S5ZHR8
Q9PZT0	S5Z655
Q9PZT0	Q6EVB2
Q9PZT0	Q207A0
Q9PZT0	Q75U84
Q9PZT0	S5Z5S8
Q9PZT0	J3SMU1
Q9PZT0	Q6KBB5
Q9PZT0	Q308G9
Q9PZT0	J3SB75
Q9PZT0	J3SB96
Q9PZT0	A0A7G9U7F9
Q9PZT0	J3SBA5
Q9PZT0	J3SB99
Q9PZT0	Q9JGP8
Q9PZT0	S5YSB7
Q9PZT0	Q308I2
Q9PZT0	B3U160
Q9PZT0	J3SBA8
Q9PZT0	B3U147
Q9PZT0	S5Z641
Q9PZT0	S5YSB0
Q9PZT0	S5Z6B4
Q9PZT0	Q38IU8
Q9PZT0	B3U125
Q9PZT0	J3SN69
Q9PZT0	A0A097C0N9
Q9PZT0	A0A3S9JNI0
Q9PZT0	B3U156
Q9PZT0	S5YY60
Q9PZT0	Q6EVC0
Q9PZT0	Q6PST2
Q9PZT0	J3SB78
Q9PZT0	A0A097C0Q4
Q9PZT0	Q2MJ82
Q9PZT0	B3U105
Q9PZT0	D4AHZ0
Q9PZT0	Q206Z7
Q9PZT0	B3U120
U5YQG2	U5YQG2
U5YQG2	U5YN16
U5YQG2	A0A346D7G0
U5YQG2	A0A7D4WEJ2
U5YQG2	A0A346D7G3
U5YQG2	A0A7D4WAT9
R4UBC0	R4UBC0
R4UBC0	R4U922
R4UBC0	I6TG80
R4UBC0	I6SNA5
R4UBC0	A0A2U9AUT1
R4UBC0	A0A5K7R9C6
R4UBC0	E2D6F9
R4UBC0	A0A5K7R9K4
R4UBC0	A0A2U9AV07
R4UBC0	A0A4Y5RA11
R4UBC0	V9LXY5
R4UBC0	G1C5I9
R4UBC0	H6VXP8
R4UBC0	A0A513PZY2
R4UBC0	R4U4K2
R4UBC0	A0A8F0D5T3
R4UBC0	I4CMA8
R4UBC0	I6TK51
R4UBC0	M9V314
R4UBC0	B4XXF8
R4UBC0	G1C5F8
R4UBC0	I6T7V9
R4UBC0	E2D6F6
R4UBC0	A0A4Y5RBU3
R4UBC0	A0A2U9AV18
R4UBC0	A0A513PZY3
R4UBC0	R4U4J4
R4UBC0	V5NFD9
R4UBC0	R4TXD5
R4UBC0	A0A8E9ZV88
R4UBC0	G1C5H8
R4UBC0	M9V7L5
R4UBC0	A0A2U9AUW5
R4UBC0	E2D6F0
R4UBC0	R4TV18
R4UBC0	M9V694
R4UBC0	R4UBA3
R4UBC0	A0A5K7R9J0
R4UBC0	A0A4Y5R9Y7
R4UBC0	A0A5K7R9L8
R4UBC0	A0A0U4BIJ2
R4UBC0	A0A2U9AUX5
R4UBC0	B4XXE6
R4UBC0	I6SBA9
R4UBC0	A0A6G5P733
R4UBC0	G1C5I2
R4UBC0	A0A6G5P6V1
R4UBC0	A0A4Y5R9L7
R4UBC0	R4TXC1
R4UBC0	D4HTL8
R4UBC0	A0A513Q011
R4UBC0	A0A290YK56
R4UBC0	A0A4Y5R9W2
R4UBC0	R4U4L0
R4UBC0	I4CM96
R4UBC0	A0A513Q008
R4UBC0	S5ZIX6
R4UBC0	A0A4Y5R9J2
R4UBC0	A0A4Y5R9H7
R4UBC0	D4HTM1
R4UBC0	B4XXE3
R4UBC0	I6WIX2
R4UBC0	M1STE7
R4UBC0	G1C5G1
R4UBC0	A0A4Y5R9P8
R4UBC0	A0A0U4ARS6
R4UBC0	A0A7T7WWI0
R4UBC0	D4HTM7
R4UBC0	E2D6E7
R4UBC0	A0A6G5P6U7
R4UBC0	V9LXL4
R4UBC0	H6VXN9
R4UBC0	A0A513PZZ3
R4UBC0	R4UBD0
R4UBC0	D4HTN3
R4UBC0	A0A513PZX8
R4UBC0	A0A5K7R9M9
R4UBC0	I6TG68
R4UBC0	D4HTN6
R4UBC0	A0A6G5P6T9
R4UBC0	R4U4L7
R4UBC0	A0A2U9AV26
R4UBC0	R4TXB4
R4UBC0	I6WUQ6
R4UBC0	V9LXN6
R4UBC0	G1C5G4
R4UBC0	I6WIX7
R4UBC0	I4CMA2
R4UBC0	I4CMA5
R4UBC0	H6VXP5
R4UBC0	A0A2U9AUV1
R4UBC0	I4CMB1
R4UBC0	G1C5H1
R4UBC0	G1C5I6
R4UBC0	V9LXY0
R4UBC0	R4TV11
R4UBC0	D4HTN0
R4UBC0	W0FAS5
R4UBC0	A0A8F0D6R6
R4UBC0	W0FF11
R4UBC0	A0A5K7R9Q3
R4UBC0	H6VXP2
R4UBC0	R4TV03
R4UBC0	G1C5J2
R4UBC0	W0FAQ4
R4UBC0	A0A4Y5R9I7
R4UBC0	D4HTN9
R4UBC0	I4CM99
R4UBC0	W0FFB9
R4UBC0	A0A8F0D6P2
R4UBC0	V9LXU3
R4UBC0	A0A513Q002
A0A2K9YNA1	A0A2K9YNA1
A0A8A4XDL6	A0A8A4XDL6
A0A286RT05	A0A286RT05
A0A286RT05	A0A2H4YQ04
A0A286RT05	C5IY46
A0A286RT05	A0A2H4YPZ8
A0A286RT05	A0A0B5E820
A0A286RT05	A0A0B5E967
A0A286RT05	A0A0B5EEI2
A0A286RT05	A0A0B5E963
A0A286RT05	A0A0B5AC32
A0A286RT05	A0A0B5AB87
A0A286RT05	M9T288
A0A286RT05	M9T9Q3
A0A286RT05	A2T857
A0A286RT05	A0A161BZC3
A0A286RT05	R4L873
A0A286RT05	A8CX03
A0A286RT05	A0A870HMC8
A0A286RT05	A0A159ARU7
A0A286RT05	Q3YPH4
A0A286RT05	A0A068FLJ7
A0A286RT05	Q000M0
A0A286RT05	R4L6V1
A0A286RT05	A0A159ARR3
A0A286RT05	A8CWT4
A0A286RT05	K9NU53
A0A286RT05	A0A1L2DS90
A0A286RT05	A0A159ARX7
A0A286RT05	A0A159ARQ1
A0A286RT05	A0A0H4LPY2
A0A286RT05	A0A159ARM2
A0A286RT05	Q0PRP0
A0A286RT05	F2YML3
A0A286RT05	A9QU50
A0A286RT05	A0A159ARN2
A0A286RT05	A0A159ARQ9
A0A286RT05	A0A870HMC7
A0A286RT05	A0A159ARQ4
A0A286RT05	A0A159AS56
A0A286RT05	A0A161BZ52
A0A286RT05	A3F5D6
A0A286RT05	R4IQ98
A0A286RT05	A8CWU3
A0A286RT05	B9X1A6
A0A286RT05	A0A068FME3
A0A286RT05	C8CHP0
A0A286RT05	A0A159ARG2
A0A286RT05	K0GZE2
A0A286RT05	B9X1B1
A0A286RT05	A0A159ARY7
A0A286RT05	A0A159AS29
A0A286RT05	B5M6X1
A0A286RT05	A0A068FST6
A0A286RT05	C6GFH4
A0A286RT05	A0A159AS23
A0A286RT05	H5ZW47
A0A286RT05	A0A1L2DWL7
A0A286RT05	A0A159AS48
A0A286RT05	A0A068FLJ1
A0A286RT05	C8CHN8
A0A286RT05	A0A162CVV9
A0A286RT05	A0A159ARH8
A0A286RT05	H5ZW52
A0A286RT05	G9M531
A0A286RT05	A0A159ARP2
A0A286RT05	A0A068FKI7
A0A286RT05	A9QU54
A0A286RT05	A0A0U2IRG3
A0A286RT05	C8CHP7
A0A286RT05	A0A159ARW1
A0A286RT05	A0A162CVY3
A0A286RT05	A0A8F5PXF1
A0A286RT05	L7X3I9
A0A286RT05	H9CWJ7
A0A286RT05	A0A159ARW2
A0A286RT05	H5ZW59
A0A286RT05	A8CWT2
A0A286RT05	H2D0B8
A0A286RT05	A0A159ARD9
A0A286RT05	A0A1S6M268
A0A286RT05	A0A162CV36
A0A286RT05	A0A162CVN2
A0A286RT05	Q0PRN9
A0A286RT05	A0A159ARS6
A0A286RT05	A0A159ARN0
A0A286RT05	A0A159AS27
A0A286RT05	A0A162CVQ9
A0A286RT05	A0A161BZD7
A0A286RT05	D0F084
A0A286RT05	K9NTB8
A0A286RT05	F2XFM7
A0A286RT05	A0A159ARQ2
A0A286RT05	Q1PB71
A0A286RT05	A0A162CVB1
A0A286RT05	A0A162CVL5
A0A286RT05	C6GFH5
A0A286RT05	A0A159ARL2
A0A286RT05	R4L2A6
A0A286RT05	A0A068FSP4
A0A286RT05	A0A161BZC9
A0A286RT05	A0A2I6QEM3
A0A286RT05	A0A161BZB7
A0A286RT05	Q0Z804
A0A286RT05	A0A159AS40
A0A286RT05	R4IQ96
A0A286RT05	A0A159AS28
A0A286RT05	A0A0H4LPW3
A0A286RT05	J9PQB8
A0A286RT05	A0A068FMF1
A0A286RT05	R4KX04
A0A286RT05	A0A162CVH2
A0A286RT05	A0A2I6QEM1
A0A286RT05	A0A159ARM1
A0A286RT05	A0A068FSQ8
A0A286RT05	A0A0H4LTS6
A0A286RT05	A0A2I6QEL4
A0A286RT05	A0A2I6QEM4
A0A286RT05	A0A2P1BV16
A0A286RT05	G7Z028
A0A286RT05	A0A159AS21
A0A286RT05	A0A068FKJ8
A0A286RT05	A0A161BY84
A0A286RT05	A0A162CVD5
A0A286RT05	A0A162CV48
A0A286RT05	A0A068FSR1
A0A286RT05	A0A068FNU2
A0A286RT05	H5ZW54
A0A286RT05	R4IQ75
A0A286RT05	A8CWU4
A0A286RT05	A0A159AS33
A0A286RT05	A5JVM6
A0A286RT05	A0A162CV65
A0A286RT05	A0A162CV54
A0A286RT05	A0A159ARU4
A0A286RT05	H5ZW53
A0A286RT05	H5ZW49
A0A286RT05	D3JYQ9
A0A286RT05	A0A068FLL3
A0A286RT05	C0SU97
A0A286RT05	K0HG44
A0A286RT05	R4IQL3
A0A286RT05	D9ZK38
A0A286RT05	A0A2I6QEN4
A0A286RT05	G9M532
A0A286RT05	K9NVK1
A0A286RT05	K0GZB4
A0A286RT05	A0A162CVI0
A0A286RT05	K0H898
A0A286RT05	A0A2I6QEM7
A0A286RT05	R4IQG3
A0A286RT05	H5ZW51
A0A286RT05	Q3YPH7
A0A286RT05	H5ZW50
A0A286RT05	R4KZ49
A0A286RT05	A0A068FSQ3
A0A286RT05	A0MT04
A0A286RT05	A0A159ARN9
A0A286RT05	K0H663
A0A286RT05	A0A159ARK2
A0A286RT05	K9NUI0
A0A286RT05	D0F085
A0A286RT05	A0A159ARN7
A0A286RT05	A5JVM7
A0A286RT05	A0A159ARI4
A0A286RT05	C0LE40
A0A286RT05	A0A159ARS3
A0A286RT05	A0A159ARR5
A0A286RT05	A8CX00
A0A286RT05	A3F5D5
A0A286RT05	A0A159ARM8
A0A286RT05	A0A159ARX5
A0A286RT05	A0A162CVB9
A0A286RT05	C8CP52
A0A286RT05	A0A2I6QEN6
A0A286RT05	A0A159ARR2
A0A286RT05	A0A159ARL5
A0A286RT05	A0A162CVP0
A0A286RT05	A0A1S6M279
A0A286RT05	R4IQL1
A0A286RT05	D9ZK39
A0A286RT05	A0A159ARX0
A0A286RT05	H5ZW48
A0A286RT05	A0A5B8WBM6
A0A286RT05	A0A159AS39
A0A286RT05	C0LE39
A0A286RT05	A0A159ARC9
A0A286RT05	H5ZW56
A0A286RT05	A0A1C8Z4R1
A0A286RT05	A0A159ARN1
A0A286RT05	B5M6X2
A0A286RT05	B9X1B0
A0A286RT05	A0A159ARS1
A0A286RT05	A0A2I6QEN0
A0A286RT05	G7Z033
A0A286RT05	C8CP51
A0A286RT05	A0A161BUW1
A0A286RT05	K0HFU5
A0A286RT05	G7Z032
A0A286RT05	A0A0A7HBB4
A0A286RT05	K0H5Z7
A0A286RT05	A0A161BZ59
A0A286RT05	A0A159AS78
A0A286RT05	C0SUA1
A0A286RT05	A0A162CV92
A0A286RT05	A0A162CVG4
A0A286RT05	Q1HE98
A0A286RT05	D1MF92
A0A286RT05	A0A1L2DWL9
A0A286RT05	A0A870HM97
A0A286RT05	A0A162CVR6
A0A286RT05	A0A162CVR5
A0A286RT05	A0A159ARN4
A0A286RT05	A0A0H4LRX3
A0A286RT05	Q1PB70
A0A286RT05	A0A1L2DS93
A0A286RT05	A9QU55
A0A286RT05	D1MF91
A0A286RT05	A0A1C8Z4R8
A0A286RT05	A0A159AS09
A0A286RT05	H5ZW46
A0A286RT05	A0A2P1BV30
A0A286RT05	Q27XJ0
A0A286RT05	A8CWX2
A0A286RT05	C8CHP3
A0A286RT05	A0A161BUR2
A0A286RT05	R4IQL4
A0A286RT05	L7X0D4
A0A286RT05	A0A0A7H7U5
A0A286RT05	A0A3G1I8I0
A0A286RT05	A0A159ARJ6
A0A286RT05	A0A159ARP1
A0A286RT05	K9NUH6
A0A286RT05	A0A159ARM4
A0A286RT05	A0A162CVQ2
A0A286RT05	H5ZW58
A0A286RT05	C8CP56
A0A286RT05	A3F5D1
A0A286RT05	A0A1C8Z4R3
A0A286RT05	A0A159ARL4
A0A286RT05	A0A159ARL3
A0A286RT05	A2T858
A0A286RT05	A0A159AS17
A0A286RT05	H5ZW55
A0A286RT05	G7Z029
A0A286RT05	D0EZN2
A0A286RT05	Q3YPH8
A0A286RT05	A0A162CVA3
A0A286RT05	A0A159ARI6
A0A286RT05	A0A159ARK4
A0A286RT05	J9PQC5
A0A286RT05	A0A162CVF8
A0A286RT05	A0A159ARS8
A0A286RT05	R4KZ56
A0A286RT05	A0A159AS70
A0A286RT05	D3JYR0
A0A286RT05	A0A223DPG8
A0A286RT05	C8CP55
A0A286RT05	A0A162CVE2
A0A286RT05	A0A162CV74
A0A286RT05	A0A159ARJ8
A0A286RT05	A0A159AS19
A0A286RT05	H9CWJ6
A0A286RT05	A0A159ARM0
A0A286RT05	A0A068FNW9
A0A286RT05	R4IQ99
A0A286RT05	A0A159AS92
A0A286RT05	A0A068FNT4
A0A286RT05	A0A162CV19
A0A286RT05	A0A162CVK2
A0A286RT05	A0A159AS86
A0A286RT05	A0A159AS02
A0A286RT05	A0A162CVZ0
A0A286RT05	A0A161BUI0
A0A286RT05	A0A162CVI9
A0A286RT05	R4L6W9
A0A286RT05	A0A870HME7
A0A286RT05	R4L878
A0A286RT05	A0A159ARZ5
A0A286RT05	A0A0B5ADK9
A0A286RT05	D3WFX2
A0A286RT05	A0A2H4YPZ4
A0A286RT05	B9UYL6
A0A286RT05	B9UYL1
A0A286RT05	A0A2P1BV03
A0A286RT05	G7Z037
A0A286RT05	A0A3G1I8K3
A0A286RT05	B9UYK7
A0A286RT05	C1IBX2
A0A286RT05	A0A2H4YQ29
A0A286RT05	G7Z036
A0A286RT05	L7WVU9
A0A286RT05	D3WFW8
A0A286RT05	C6KF55
A0A286RT05	D3JU97
A0A286RT05	H9C5X7
A0A286RT05	A0A286QZR9
A0A286RT05	C5IY42
A0A286RT05	A0A2R3ZDM7
A0A286RT05	A0A1X9Q921
A0A286RT05	D3JUA0
A0A286RT05	C5IK00
A0A286RT05	A0A2H4YQ31
A0A286RT05	D3WFW7
A0A286RT05	C5IY31
A0A286RT05	C6KF54
A0A286RT05	C5IY32
A0A286RT05	D3WFW3
A0A286RT05	A0A2P1BV01
A0A286RT05	C5IY36
A0A286RT05	C5IY41
A0A286RT05	A0A2H4YQ35
A0A286RT05	A0A8G1GLK1
A0A286RT05	K7X505
A0A286RT05	A0A0B5A7G3
A0A286RT05	D3JU96
A0A286RT05	A0A3G1I8J9
A0A286RT05	A0A2R3ZDM8
A0A286RT05	D3WFX1
A0A286RT05	A0A286QZR4
A0A286RT05	D7P2U4
A0A286RT05	A0A1X9Q944
A0A286RT05	B9UYL5
A0A286RT05	C5IY37
A0A286RT05	B9UYL2
A0A286RT05	C5IK01
A0A286RT05	A0A2H4YQ36
A0A286RT05	C5IY56
A0A286RT05	D7P2U0
A0A286RT05	D7P2U1
A0A286RT05	A0A0B4U3M2
A0A286RT05	C1IWT2
A0A286RT05	D9IAX8
A0A286RT05	C5IY57
A0A286RT05	D9IAX9
A0A286RT05	A0A0B4U415
A0A286RT05	G1EE77
A0A286RT05	D7P2U5
A0A286RT05	C5IY52
A0A286RT05	D3WFX6
A0A286RT05	D3WFX5
A0A286RT05	C5IY51
D6PUU1	D6PUU1
D6PUU1	D6PUT8
D6PUU1	D2WLC6
D6PUU1	A0A6G5P6U9
D6PUU1	R4TV41
D6PUU1	R4U958
D6PUU1	A0A513Q061
D6PUU1	R4U4M8
D6PUU1	R4U4M5
D6PUU1	I6T7W5
D6PUU1	R4U939
D6PUU1	R4TXF3
D6PUU1	A0A5C2A4A8
D6PUU1	A0A5C2A474
D6PUU1	I6TK61
D6PUU1	R4UBE5
D6PUU1	R4UBE2
D6PUU1	I6SNC2
D6PUU1	A0A290YK59
D6PUU1	A0A5C1ZX66
D6PUU1	R4UBD2
D6PUU1	R4UBE8
D6PUU1	A0A513Q065
D6PUU1	I6SBC2
D6PUU1	A0A7G3G4Y1
D6PUU1	A0A7U3NPE2
D6PUU1	A0A513Q098
D6PUU1	A0A513Q0B2
D6PUU1	R4U944
D6PUU1	I6TG90
D6PUU1	D2WLC3
D6PUU1	A0A8E9ZWH7
D6PUU1	A0A513Q095
D6PUU1	A0A8F5QWF6
D6PUU1	R4TXE0
D6PUU1	A0A513Q084
D6PUU1	A0A513Q0A4
D6PUU1	A0A513Q003
D6PUU1	R4UBD7
D6PUU1	R4TXF0
D6PUU1	R4U953
D6PUU1	I6TK69
D6PUU1	A0A7G3G418
D6PUU1	A0A513Q052
D6PUU1	R4TV29
D6PUU1	A0A6G5P6V7
D6PUU1	I6TGA0
D6PUU1	R4TXE1
D6PUU1	A0A513Q027
D6PUU1	I6SBC5
D6PUU1	A0A7U3RYY8
D6PUU1	A0A513Q071
D6PUU1	R4TV36
D6PUU1	R4TV32
D6PUU1	D6PUT2
D6PUU1	A0A7G3G4C3
D6PUU1	R4TV24
D6PUU1	A0A0D4BTR2
D6PUU1	A0A6G5P7H4
A0A7G7S060	A0A7G7S060
A0A7G7S060	A0A218L3Q4
A0A7G7S060	R9YVC9
A0A7G7S060	R9YVF5
A0A7G7S060	F2Y985
A0A7G7S060	R9YVE7
A0A7G7S060	R9YVF8
A0A7G7S060	R9YVF1
A0A7G7S060	R9YVE1
A0A7G7S060	R9YVD6
G8GWG8	G8GWG8
G8GWG8	Q2LD55
G8GWG8	A0A7T1NUJ3
G8GWG8	A0A7T1KN60
K4KF99	K4KF99
K4KF99	A0A6G5P6W8
K4KF99	A0A6G5P7I6
K4KF99	A0A6G5P6X3
K4KF99	A0A6G5P7M5
K4KF99	A0A6G5P7H5
K4KF99	A0A6G5P707
K4KF99	A0A6G5P6Y5
K4KF99	A0A6G5P721
K4KF99	A0A6G5P6Z5
K4KF99	A0A7G8LIZ4
K4KF99	A0A6G5P7N1
K4KF99	A0A513Q0I0
K4KF99	A0A6G5P6X5
K4KF99	A0A6G5P6V5
K4KF99	A0A7G3G488
K4KF99	A0A6G5P701
K4KF99	A0A6G5P7L6
K4KF99	A0A8F5V7I8
K4KF99	A0A6G5P7J6
K4KF99	A0A513Q0G2
K4KF99	A0A6G5P718
K4KF99	A0A6G5P6Y9
K4KF99	A0A6G5P6X8
K4KF99	A0A513Q0G5
K4KF99	A0A6G5P7K6
K4KF99	A0A192YDT6
K4KF99	A0A513Q0D0
K4KF99	K4K2G7
K4KF99	A0A6G5P731
K4KF99	A0A6G5P6Z1
K4KF99	A0A513Q0H6
K4KF99	A0A6G5P6Y2
K4KF99	A0A6G5P741
K4KF99	A0A6G5P728
K4KF99	A0A513Q0H5
K4KF99	A0A513Q0G9
K4KF99	A0A513Q0A5
K4KF99	A0A7G3G3G3
K4KF99	A0A513Q0E8
K4KF99	A0A513Q0J7
K4KF99	A0A6G5P7J4
K4KF99	A0A513Q0C0
K4KF99	A0A6G5P713
K4KF99	V5T8P3
K4KF99	A0A6G5P7K3
K4KF99	A0A1D8GTA7
K4KF99	A0A6G5P6W5
K4KF99	A0A2U9AV28
K4KF99	A0A6G5P704
K4KF99	A0A6G5P7M1
K4KF99	A0A513Q0B7
K4KF99	A0A513Q0C3
K4KF99	A0A513Q0G6
K4KF99	A0A7G3G3H5
K4KF99	A0A6G5P710
K4KF99	A0A6G5P717
K4KF99	K4K1Z0
K4KF99	A0A6G5P7L1
K4KF99	K4K5B8
K4KF99	A0A513Q0C9
X5CV53	X5CV53
X5CV53	S4WHP8
X5CV53	U5YQ62
X5CV53	A0A8E9ZV93
X5CV53	Q32Z64
X5CV53	E2D6V8
X5CV53	Q32Z78
X5CV53	A0A8F0D6N4
X5CV53	U5YQ71
X5CV53	E2D6W3
X5CV53	H9U7C3
X5CV53	Q6TPD7
X5CV53	X5CV56
X5CV53	H9U7C5
X5CV53	A0A8E9ZV39
X5CV53	A0A8F0D5S8
X5CV53	A0A5B7PSK5
X5CV53	H9U7B7
X5CV53	S4WLQ0
X5CV53	M9V2Y0
X5CV53	K7QM67
X5CV53	Q32Z80
X5CV53	E2D6T3
X5CV53	A0A0A0V6V0
X5CV53	C1KF16
X5CV53	A0A8E9ZUU8
X5CV53	A0A5J6NRM6
X5CV53	E2D6U8
X5CV53	K7QLX2
X5CV53	Q0PWW1
X5CV53	Q32Z73
X5CV53	A0A2U8XQ27
X5CV53	Q32Z62
X5CV53	E2D6X3
X5CV53	S4WGE3
X5CV53	Q32Z69
X5CV53	H9U7B3
X5CV53	S4WMR2
X5CV53	U5YPZ4
X5CV53	R4JT84
X5CV53	A0A6G5P6P8
X5CV53	A0A1B1W6H0
X5CV53	E2D6Z1
X5CV53	P18546
X5CV53	B5A1X7
X5CV53	P52501
X5CV53	P33484
X5CV53	A0A481MSK2
X5CV53	E3VJP5
X5CV53	A0A8E9ZV78
X5CV53	K7QMU5
X5CV53	A0A6G5P7B0
X5CV53	A0A5B7PR81
X5CV53	H9U7A9
X5CV53	A0A513RAU6
X5CV53	E2D6X8
X5CV53	Q32Z54
X5CV53	G1JUD6
X5CV53	A0A6G5P6M5
X5CV53	E2D6Y3
X5CV53	E2D6U3
X5CV53	M9V691
X5CV53	H9U7C9
X5CV53	Q32Z71
X5CV53	H9U7D1
X5CV53	Q6PS59
X5CV53	K7QM17
X5CV53	K7QCV5
X5CV53	A2TKD8
X5CV53	H9U7D3
X5CV53	K7QMB2
X5CV53	A0A7U3NV21
X5CV53	A0A481MSK8
X5CV53	H6VTM2
X5CV53	V5R974
A0A8A4XEI4	A0A8A4XEI4
A0A8G0VT64	A0A8G0VT64
A0A6G6AEC1	A0A6G6AEC1
A0A7M4BDQ3	A0A7M4BDQ3
A0A7M4BDQ3	A0A2U8CRH1
A0A7M4BDQ3	A0A5B9BGY1
A0A7M4BDQ3	A0A7M1Q5J3
A0A7M4BDQ3	A0A7M1Q6V4
A0A7M4BDQ3	A0A7L8UW48
A0A7M4BDQ3	A0A2U8CRN1
A0A7M4BDQ3	A0A7L8UVL1
A0A7M4BDQ3	A0A4P8VZ59
A0A7M4BDQ3	A0A7M1QHW8
A0A7M4BDQ3	A0A2U8CRI6
A0A7M4BDQ3	A0A8A4R5J4
A0A7M4BDQ3	A0A7L8UXP3
A0A7M4BDQ3	A0A7L8UYN0
A0A7M4BDQ3	A0A7L8UVM4
A0A7M4BDQ3	A0A8A4R2B8
A0A7M4BDQ3	A0A5B9BH75
A0A7M4BDQ3	A0A8A4R3D1
A0A7M4BDQ3	A0A2U8CR82
A0A0U3BGQ5	A0A0U3BGQ5
E1CES5	E1CES5
E1CES5	A0A345CKH7
E1CES5	E1CES9
E1CES5	E1CET3
E1CES5	Q5R2A4
E1CES5	E1CET0
E1CES5	Q8QQV5
E1CES5	A0A3G2KUM7
E1CES5	A0A3G2KUN1
E1CES5	A0A345CKH9
E1CES5	A0A7G4RMW4
E1CES5	A0A0U2IDK2
E1CES5	A0A345CKH6
E1CES5	A0A7G4RMW7
E1CES5	D7F5L5
E1CES5	D7F5L4
E1CES5	A0A7G4RMX0
E1CES5	A0A345CKH2
E1CES5	A0A345CKG9
E1CES5	A0A345CKH4
E1CES5	A0A345CKH3
E1CES5	Q5R2A5
E1CES5	E1CET4
E1CES5	E1CES6
E1CES5	A0A221LED1
E1CES5	A0A345CKG8
E1CES5	A0A345CKH5
E1CES5	A0A7G4RMW1
E1CES5	Q8QQV4
E1CES5	A0A0U2T1Y4
A0A146GE64	A0A146GE64
A0A146GE64	A0A146GE51
A0A8A4XDN7	A0A8A4XDN7
A0A8E7G1S3	A0A8E7G1S3
A0A2H4RDT8	A0A2H4RDT8
A0A2H4RDT8	A0A2H4RDR3
A0A2H4RDS6	A0A2H4RDS6
A0A897ZGG0	A0A897ZGG0
A0A2H4N9Q5	A0A2H4N9Q5
A0A2H4N9Q5	A0A1W5PPR7
A0A2H4N9Q5	A0A1W5PPQ7
A0A2H4N9Q5	A0A1W5PPQ4
A0A2H4N9Q5	A0A1W5PPS6
A0A2H4N9Q5	A0A1W5PPN8
A0A2H4N9Q5	A0A1W5PPR0
A0A2H4N9Q5	A0A1W5PPS4
A0A2H4N9Q5	A0A1W5PPS0
A0A2H4N9Q5	A0A1W5PPZ1
A0A2H4N9Q5	A0A1W5PPW9
A0A2H4N9Q5	A0A1W5PPU6
A0A2H4N9Q5	A0A1W5PPT8
A0A2H4N9Q5	A0A1W5PPR8
A0A2H4N9Q5	A0A1W5PPW2
A0A2H4N9Q5	A0A1W5PPP0
A0A2H4N9Q5	A0A1W5PPT5
A0A2H4N9Q5	A0A1W5PPV4
A0A2H4N9Q5	A0A3G5ECC8
A0A2H4N9Q5	A0A2H4N9Q8
V5NEJ8	V5NEJ8
A0A097F8R4	A0A097F8R4
A0A7M4CF74	A0A7M4CF74
P07300	P07300
P07300	P03134
P07300	Q32Z75
P07300	Q32Z56
P07300	E2D6U1
P07300	E2D6W1
P07300	B5A1X0
P07300	Q32Z66
P07300	B5A1X5
P07300	E2D6V1
P07300	E2D6V6
P07300	E2D6W6
P07300	C1KF14
P07300	E2D6Y1
P07300	E2D6Y6
P07300	E2D6U6
P07300	E2D6Y9
P07300	E2D6X1
P07300	E2D6T1
P07300	E2D6X6
P07300	E2D6T6
P07300	Q70M74
H2ESE9	H2ESE9
A0A514EJ46	A0A514EJ46
A0A514EJ46	A0A514EJ32
A0A514EJ46	A0A514EJJ4
A0A514EJ46	A0A7L7YYD0
A0A514EJ46	A0A514EJ22
A0A514EJ46	A0A514EJB5
A0A514EJ46	A0A7L7YYC8
A0A514EJ46	A0A514EJ28
A0A514EJ46	A0A649ZV79
A0A514EJ46	A0A514EJ13
A0A514EJ46	A0A514EJL2
A0A060NBN6	A0A060NBN6
A0A060NBN6	A0A097PIM3
A0A060NBN6	A0A0M4TUI9
A0A060NBN6	A0A060N7I9
A0A060NBN6	A0A060N9U2
A0A060NBN6	A0A0M4UK28
A0A060NBN6	A0A097PIJ1
A0A060NBN6	A0A0M5N0S1
A0A060NBN6	A0A0M5TJJ2
A0A060NBN6	A0A060NBN8
A0A060NBN6	A0A060NB39
A0A060NBN6	A0A0M4UT26
A0A060NBN6	A0A0M4U3V1
A0A060NBN6	A0A0M4UV28
A0A060NBN6	A0A060N9C9
A0A060NBN6	A0A0M5MTF6
A0A060NBN6	A0A097PIM0
A0A060NBN6	A0A097PIK3
A0A060NBN6	I6WYM2
A0A060NBN6	A0A1Q1NHZ6
A0A060NBN6	A0A097PIK7
A0A060NBN6	I6XT90
A0A060NBN6	A0A097PIN2
A0A060NBN6	A0A059XRI7
A0A060NBN6	I6XXD8
A0A060NBN6	I6WMZ1
A0A060NBN6	A0A059XRM3
A0A060NBN6	A0A059XLS2
A0A060NBN6	A0A097PIL2
A0A060NBN6	I6WYM8
A0A060NBN6	A0A059XMH1
A0A060NBN6	A0A1C9U3G2
A0A060NBN6	A0A059XHD0
A0A060NBN6	I6XK52
A0A060NBN6	A0A1C9U3H8
A0A5P8PFL4	A0A5P8PFL4
A0A5P8PFL4	A0A0D3MCA7
A0A5P8PFL4	A0A0D3MCF8
A0A5P8PFL4	A0A0D3MD72
A0A5P8PFL4	A0A0D3MDM5
A0A481W6J6	A0A481W6J6
E3W908	E3W908
E3W908	W8GNX3
E3W908	A0A513PZ69
E3W908	A0A7T7FQV3
E3W908	A0A513PZ40
E3W908	A0A513PZ50
E3W908	A0A513PZ56
E3W908	A0A2P1MAT0
E3W908	W8GNF7
E3W908	A0A513PZ46
E3W908	A0A513PZ65
E3W908	A0A565DB65
E3W908	A0A8F5Z957
E3W908	W8GNG3
E3W908	A0A513PZ88
E3W908	A0A7T7JPI5
E3W908	A0A513PZ34
E3W908	A0A513PZ32
E3W908	A0A513PZ83
E3W908	A0A513PZ76
E3W908	F8RWB4
E3W908	A0A513PZ52
E3W908	A0A0K1D9D2
E3W908	F8RWB5
E3W908	A0A513PZ58
E3W908	A0A140KFH2
E3W908	A0A2Z4I300
E3W908	M9V123
E3W908	E3W909
E3W908	A0A7T7FQU3
E3W908	A0A513PZ37
E3W908	A0A0K1D9C6
E3W908	A0A7T7FR69
E3W908	A0A513PZA9
E3W908	W8GWB3
E3W908	A0A8F5V616
E3W908	A0A075XCR7
E3W908	A0A7T7FQV9
E3W908	A0A7T7JPH5
E3W908	A0A8F5ZAB2
E3W908	A0A565DB57
E3W908	W8GNX0
E3W908	A0A8F5V6A2
E3W908	A0A513PZC7
E3W908	A0A346GC28
E3W908	A0A2S0SYX8
E3W908	A0A1P8YQS7
E3W908	A0A2S0SYV1
E3W908	A0A218NL09
E3W908	A0A2R4LMR9
E3W908	A0A2R4LMM6
E3W908	A0A346GC25
E3W908	A0A2R4LMQ4
E3W908	A0A2Z3DB49
E3W908	A0A2R4LMQ2
E3W908	A0A290WJ94
E3W908	A0A193DR35
E3W908	A0A193DQX8
E3W908	A0A513PZ92
E3W908	A0A346GC22
E3W908	A0A2R4LMQ9
E3W908	A0A290WJJ0
E3W908	A0A060ID10
E3W908	A0A2R4LMP6
E3W908	A0A060IGR2
E3W908	A0A2H4X1Y7
E3W908	A0A2H4X1Y3
A0A0F7GFL9	A0A0F7GFL9
A0A0F7GFL9	A0A0F7GFN5
A0A0F7GFL9	A0A8F7CHK8
A0A0F7GFL9	A0A8F7CGE3
A0A0F7GFL9	A0A0F7GFW2
A0A0F7GFL9	A0A8F7GQG0
A0A0F7GFL9	A0A0F7CUD1
A0A0F7GFL9	A0A8F7CHI1
A0A0F7GFL9	A0A8F7CHD4
A0A0F7GFL9	A0A8F7GP25
A0A0F7GFL9	A0A8F7CG47
A0A0F7GFL9	A0A8F7GPU5
A0A0F7GFL9	I0E1T8
A0A0F7GFL9	A0A451G5J5
A0A0F7GFL9	A0A0F7GH05
A0A0F7GFL9	A0A410HY40
A0A0F7GFL9	I0E1T9
A0A0F7GFL9	A0A0F7GFL5
A0A0F7GFL9	A0A0A0QJL0
A0A0F7GFL9	A0A0F7GFD7
A0A0F7GFL9	A0A0K2GUC9
A0A0F7GFL9	A0A8F7GPU1
A0A0F7GFL9	I0E1S0
A0A0F7GFL9	I0E1S6
A0A0F7GFL9	A0A0K2GUD8
A0A0F7GFL9	A0A1W6C200
A0A0F7GFL9	I0E1T3
A0A0F7GFL9	G9ID12
A0A0F7GFL9	G9ID13
A0A0F7GFL9	A0A1W6C207
A0A0F7GFL9	I0E1S1
A0A0F7GFL9	A0A8F7GPE8
A0A0F7GFL9	A0A0F7GFM5
A0A0F7GFL9	A0A0F7GFV5
A0A0F7GFL9	A0A0K2GUC7
A0A0F7GFL9	A0A0F7GGK8
A0A0F7GFL9	A0A0F7GFV8
A0A0F7GFL9	A0A0F7GFE2
A0A0F7GFL9	A0A0F7GFT7
A0A0F7GFL9	A0A0F7GFL0
A0A0F7GFL9	A0A0K2GV84
A0A0F7GFL9	A0A0F7GFN2
A0A0F7GFL9	A0A2L1IPZ7
A0A0F7GFL9	G9ID45
A0A0F7GFL9	A0A0F7GH01
A0A0F7GFL9	A0A2L1IQ17
P07297	P07297
P07297	A0A7T1KN64
P07297	Q2LD56
P07297	G8GWG7
P07297	A0A7T1KN78
A0A513Q0I1	A0A513Q0I1
A0A513Q0I1	A0A513Q0K5
A0A125RQF8	A0A125RQF8
A0A125RQF8	A0A125RQF7
A0A7D5NPQ3	A0A7D5NPQ3
A0A6G5Q980	A0A6G5Q980
A0A6G5Q980	A0A6G5Q909
A0A513Q0R0	A0A513Q0R0
A0A513Q0R0	A0A513Q0T9
A0A513Q0R0	A0A513Q0L5
A0A0D3MCM4	A0A0D3MCM4
A0A0D3MCM4	A0A0D3MDI9
A0A8A4XDV1	A0A8A4XDV1
A0A7M1PW40	A0A7M1PW40
A0A8E7G1V7	A0A8E7G1V7
D3Y5Q1	D3Y5Q1
D3Y5Q1	A0A0D4BT76
D3Y5Q1	A0A0D4BTX1
D3Y5Q1	A0A1B1W6G9
D3Y5Q1	X5CNC8
D3Y5Q1	A0A0D4BTW7
D3Y5Q1	H9XHV8
D3Y5Q1	A0A5J6NP06
D3Y5Q1	A0A0D4BT22
D3Y5Q1	A0A5B7PPN0
D3Y5Q1	I3VQQ8
D3Y5Q1	X5CNC3
D3Y5Q1	C1KF17
D3Y5Q1	A0A0D4BTB3
D3Y5Q1	U3M3W8
D3Y5Q1	A0A6G5P6P1
D3Y5Q1	A0A0D4BT72
D3Y5Q1	A0A6M2R4Y3
D3Y5Q1	H9U7C4
D3Y5Q1	Q0PWW0
D3Y5Q1	Q32Z68
D3Y5Q1	A0A0D4BTP9
D3Y5Q1	B5A1X8
D3Y5Q1	Q1P9S8
D3Y5Q1	E2D6X4
D3Y5Q1	A0A8E9ZVX2
D3Y5Q1	Q32Z61
D3Y5Q1	H9U7B0
D3Y5Q1	F8RKY5
D3Y5Q1	H9U7D0
D3Y5Q1	Q32Z58
D3Y5Q1	G1JUD7
D3Y5Q1	A0A0D4BT18
D3Y5Q1	A0A6G5P6Y4
D3Y5Q1	H9U7B8
D3Y5Q1	A0A2U8XQT4
D3Y5Q1	Q32Z63
D3Y5Q1	I3VQQ4
D3Y5Q1	E2D6V9
D3Y5Q1	A0A6M2R583
D3Y5Q1	H6VTM3
D3Y5Q1	A0A8E9ZWJ7
D3Y5Q1	E2D6W9
D3Y5Q1	E2D6T4
D3Y5Q1	E2D6X9
D3Y5Q1	Q32Z70
D3Y5Q1	E2D6Z2
D3Y5Q1	A0A2R4PMH9
D3Y5Q1	E2D6W4
D3Y5Q1	A0A6G5P6P4
D3Y5Q1	H9U7A8
D3Y5Q1	Q32Z79
D3Y5Q1	Q6RED4
D3Y5Q1	A0A7U3S2L7
D3Y5Q1	A0A8F0D6W7
D3Y5Q1	Q6B3N1
D3Y5Q1	E3VJP6
D3Y5Q1	U5YT50
D3Y5Q1	I3VQR1
D3Y5Q1	D9J2H4
D3Y5Q1	I3VQQ5
D3Y5Q1	Q32Z53
D3Y5Q1	I3VQR0
D3Y5Q1	V5R6W0
D3Y5Q1	Q6TPD6
D3Y5Q1	Q84396
D3Y5Q1	I3VQQ7
D3Y5Q1	Q32Z72
D3Y5Q1	A0A8F5SQ30
D3Y5Q1	Q6PS58
D3Y5Q1	A0A6M2R6R4
D3Y5Q1	A0A8E9ZW48
D3Y5Q1	A0A6M2R6G7
D3Y5Q1	A0A6M2R4Z7
D3Y5Q1	A0A6M2R5E2
D3Y5Q1	A0A6M2R588
D3Y5Q1	H9U7D2
D3Y5Q1	A0A0D4BTB6
D3Y5Q1	A0A5B7PRI6
D3Y5Q1	E2D6Y4
D3Y5Q1	U5YT61
D3Y5Q1	U5YT56
D3Y5Q1	C3VAB9
D3Y5Q1	H9U7D4
D3Y5Q1	A0A0A0VDG4
D3Y5Q1	A0A513RDE7
D3Y5Q1	A0A8E9ZV03
D3Y5Q1	A0A8E9ZWD7
D3Y5Q1	U5YQ57
A0A1Z3FVR1	A0A1Z3FVR1
A0A1Z3FVR1	A0A1Z3FVV8
A0A1Z3FVR1	A0A1Z3FVS5
A0A1Z3FVR1	A0A1Z3FVU5
A0A1Z3FVR1	A0A1Z3FW15
A0A1Z3FVR1	A0A1Z3FW35
A0A1Z3FVR1	A0A1Z3FVQ7
A0A1Z3FVR1	A0A1Z3FVS0
A0A1Z3FVR1	A0A1Z3FVU0
A0A1Z3FVR1	A0A1Z3FVV2
A0A1Z3FVR1	A0A1Z3FVX9
A0A1Z3FVR1	A0A1Z3FVQ6
A0A1Z3FVR1	A0A1Z3FVS4
A0A1Z3FVR1	A0A1Z3FVN7
A0A1Z3FVR1	A0A1Z3FVW0
A0A1Z3FVR1	A0A1Z3FVU3
A0A1Z3FVR1	A0A1Z3FVW2
A0A1Z3FVR1	A0A1Z3FVW1
A0A1Z3FVR1	A0A1Z3FVT1
A0A1Z3FVR1	A0A1Z3FVQ2
A0A1Z3FVR1	A0A1Z3FVZ5
A0A2Z2C8L9	A0A2Z2C8L9
A0A2Z2C8L9	A0A0N7IS22
A0A2Z2C8L9	G8E0N1
A0A2Z2C8L9	A0A0P0ICF5
A0A2Z2C8L9	A0A0P0IQB8
A0A2Z2C8L9	A0A0P0IHU2
A0A2Z2C8L9	A0A2Z3D7X4
A0A2Z2C8L9	A0A0P0J4J8
A0A2Z2C8L9	A0A0P0IZT9
A0A2Z2C8L9	A0A193AUR8
A0A2Z2C8L9	B4XXD1
A0A2Z2C8L9	A0A5K7R982
A0A2Z2C8L9	A0A5K7R9H4
A0A2Z2C8L9	A0A5K7R9R5
A0A2Z2C8L9	A0A5K7R9J3
A0A2Z2C8L9	A0A5K7R9A9
A0A7D3QIQ3	A0A7D3QIQ3
A0A7D3QIQ3	A0A2K9YNA0
A0A7D3QIQ3	A0A2K9YN82
A0A3T0PN94	A0A3T0PN94
A0A3T0PN94	A0A3T0PN23
A0A3T0PN94	A0A3Q9T850
A0A3T0PN94	A0A4P8VYG1
A0A3T0PN94	A0A7M1QHF7
A0A3T0PN94	A0A3T0PNE1
A0A517FM28	A0A517FM28
A0A517FM28	A0A517FM25
H9A288	H9A288
H9A288	D0FM89
H9A288	H9A248
H9A288	A0A3G2LVC1
H9A288	Q537X7
H9A288	A0A0A1CNM0
H9A288	D0FM81
H9A288	A7J3Q9
H9A288	J9PP71
H9A288	A0A0C4L9D8
H9A288	H9A254
H9A288	D0FM85
H9A288	A7J3R3
H9A288	B4XXC8
H9A288	H9A251
H9A288	A7J3R5
H9A288	B5AU27
H9A288	A0A0C4LBF6
H9A288	J9PNL8
H9A288	A0A0C4LD57
H9A288	H9A245
H9A288	B0YZG7
H9A288	A7J3Q7
H9A288	D0FM83
H9A288	F6KS54
H9A288	B0YZG5
H9A288	A0A1D9BZE1
H9A288	A7J3R1
H9A288	E1AYG9
H9A288	H9A270
H9A288	D1M7U6
H9A288	H9A256
A0A7D3UKP6	A0A7D3UKP6
A0A0D3MCF4	A0A0D3MCF4
A0A0D3MCF4	A0A0D3MDM0
A0A0D3MCF4	A0A0D3MCQ0
A0A8E7G1Q0	A0A8E7G1Q0
A0A891EZR0	A0A891EZR0
A0A3G5E9T0	A0A3G5E9T0
A0A3G5E9T0	A0A3G5ECH6
A0A8A4XCV2	A0A8A4XCV2
Q9J0X6	Q9J0X6
Q9J0X6	Q88272
Q9J0X6	Q9J0X4
Q9J0X6	A0A1W5PTD5
W8GNF2	W8GNF2
W8GNF2	W8H1C9
W8GNF2	W8GP42
W8GNF2	W8GW99
W8GNF2	S5RNP1
W8GNF2	S5S2Y8
W8GNF2	S5RNR0
W8GNF2	S5RIG9
W8GNF2	W8GNC5
W8GNF2	A0A7T7JPG3
W8GNF2	W8GSS8
W8GNF2	W8GT44
W8GNF2	A0A2Z4I2X9
W8GNF2	A0A2Z4I303
W8GNF2	H2DKZ6
W8GNF2	A0A7T7FR00
W8GNF2	W8GSR6
W8GNF2	W8GNS7
W8GNF2	W8GNB3
W8GNF2	A0A125SKS3
W8GNF2	W8GNP7
W8GNF2	A0A7T7JPI9
W8GNF2	F6M090
W8GNF2	S5S2Z8
W8GNF2	A0A7T7JPH9
W8GNF2	W8H1Q2
W8GNF2	W8GNU0
W8GNF2	S5RG82
W8GNF2	W8GT62
W8GNF2	W8GNV6
W8GNF2	W8H1E6
W8GNF2	S5S4M7
W8GNF2	W8GP55
W8GNF2	S5RIF0
W8GNF2	A0A513PZG9
W8GNF2	A0A0A1EF19
W8GNF2	A0A513PZI6
W8GNF2	W8H1B1
W8GNF2	A0A513PZF0
W8GNF2	A0A513PZF2
W8GNF2	A0A023J8I7
W8GNF2	A0A513PZE6
W8GNF2	A0A513PZG6
W8GNF2	W8H198
W8GNF2	A0A0A1ECG8
W8GNF2	W8GW84
W8GNF2	W8GWN2
W8GNF2	A0A5B9GAM3
A0A891EZH5	A0A891EZH5
A0A891EZH5	A0A891EZX6
A0A891EZH5	A0A891EZW3
A0A891EZH5	A0A891F0A8
A0A514EJ31	A0A514EJ31
A0A514EJ31	A0A6H0Y6T7
A0A514EJ31	A0A6H0Y6U4
A0A514EJ31	A0A6H0Y7A1
A0A514EJ31	A0A6H0Y6W4
A0A514EJ31	A0A165EK78
A0A514EJ31	A0A6H0Y834
A0A514EJ31	A0A6H0Y845
A0A514EJ31	A0A6H0Y6R4
A0A514EJ31	A0A6H0Y6X1
A0A514EJ31	A0A514EJ05
A0A514EJ31	A0A6H0Y6S7
A0A514EJ31	A0A6H0Y6Z1
A0A514EJ31	A0A6H0Y6Y0
A0A514EJ31	A0A514EJ30
A0A514EJ31	A0A514EJ10
A0A514EJ31	A0A514EJ24
A0A514EJ31	A0A6H0Y7B0
A0A514EJ31	A0A514EJ27
A0A514EJ31	A0A6H0Y825
A0A514EJ31	A0A6H0Y6V6
A0A514EJ31	A0A514EJ18
A0A514EJ31	A0A514EJ42
A0A514EJ31	A0A514EJ34
A7UIY7	A7UIY7
A0A8A4XDT5	A0A8A4XDT5
A0A2K9YND6	A0A2K9YND6
A0A8A4XDM3	A0A8A4XDM3
A0A513Q0A9	A0A513Q0A9
A0A513Q0A9	A0A513Q0D7
N0A3K2	N0A3K2
N0A3K2	N0ADA5
A0A513PZL6	A0A513PZL6
J3SB80	J3SB80
J3SB80	Q8JN54
J3SB80	Q913W7
J3SB80	A0A097C0P0
J3SB80	S5Z601
J3SB80	Q75U68
J3SB80	B7U463
J3SB80	S5Z5Y0
J3SB80	Q2MJ81
J3SB80	A1A3Z8
J3SB80	A1BMM1
J3SB80	A1BMK2
J3SB80	S5YSL0
J3SB80	Q9JGP7
J3SB80	Q65790
J3SB80	Q38IT6
J3SB80	Q2I002
J3SB80	A0A6C0RVQ2
J3SB80	Q75U86
J3SB80	S5YSA5
J3SB80	Q68YP9
J3SB80	Q6EVB7
J3SB80	A0A7G9U7G6
J3SB80	Q75U80
J3SB80	A0A097C0N5
J3SB80	S5ZY65
J3SB80	A0A097C0M5
J3SB80	S5YS58
J3SB80	S5Z5X4
J3SB80	Q75U92
J3SB80	A0A097C0N0
J3SB80	S5ZY60
J3SB80	A0A0S2Z2H5
J3SB80	Q6KBB4
J3SB80	A1BML6
J3SB80	J3SB92
J3SB80	J7FCF9
J3SB80	J7FCR1
J3SB80	S5Z5Y8
J3SB80	Q6EVA5
J3SB80	Q38IU6
J3SB80	A0A076JYQ1
J3SB80	S5Z621
J3SB80	D6CHV8
J3SB80	S5ZHG3
J3SB80	D6CHV2
J3SB80	A0A7G9U7G0
J3SB80	A0A7G9U7G3
J3SB80	D6CHV5
J3SB80	Q68YR2
J3SB80	D6CHW1
J3SB80	J7FD53
J3SB80	A0A6C0RUZ7
J3SB80	A0A0K0PMZ2
J3SB80	D6CHU9
J3SB80	A0A6C0R526
J3SB80	D6CHU6
J3SB80	Q68YR5
J3SB80	A0A6C0RVA5
J3SB80	J3SMV2
J3SB80	Q2HZZ7
J3SB80	S5YSN0
J3SB80	Q38IU1
J3SB80	S5ZY92
J3SB80	B6V7D6
J3SB80	Q38IT1
J3SB80	Q206Z6
J3SB80	Q207A5
J3SB80	A0A0N9H5G8
J3SB80	A0A0N9H838
J3SB80	J7FE06
J3SB80	Q207A2
J3SB80	Q206Z9
J3SB80	Q75U71
J3SB80	Q68YQ2
J3SB80	Q6EVB1
J3SB80	Q6EVB9
J3SB80	J7FE09
J3SB80	A0A7G9U7F7
J3SB80	Q9WKL9
J3SB80	S5YY22
J3SB80	Q75U74
J3SB80	Q784T0
J3SB80	J3SMU3
J3SB80	A0A6C0RVQ4
J3SB80	J7FD56
J3SB80	Q75U77
J3SB80	A0A6C0NGU8
J3SB80	A0A097C0P9
J3SB80	A0A3Q9D3C1
J3SB80	Q6DT42
J3SB80	A0A0N9H831
J3SB80	Q5UAX5
J3SB80	J3SN98
J3SB80	J7FDK3
J3SB80	Q2MJ78
Q918U9	Q918U9
Q918U9	A0A2I7YUS5
Q918U9	A0A2Z3D8B4
Q918U9	A0A2I7YUT4
K7QMU7	K7QMU7
H2ESE7	H2ESE7
A0A2H4RDS3	A0A2H4RDS3
A0A8A4XDP6	A0A8A4XDP6
R4L9D1	R4L9D1
R4L9D1	R4L1H5
R4L9D1	A0A0D3MCE2
R4L9D1	A0A0D3MDK5
R4L9D1	R4L9D4
R4L9D1	R4L1I0
A0A5C0PWM1	A0A5C0PWM1
A0A8G0VS91	A0A8G0VS91
A0A8G0VS91	A0A8A4XCN6
A0A8G0VS91	A0A8G0QXE6
A0A8A4XDF3	A0A8A4XDF3
S5YSH5	S5YSH5
S5YSH5	S5ZHT9
S5YSH5	Q9E3S5
S5YSH5	S5YY66
S5YSH5	S5ZXY3
S5YSH5	S5ZHE4
S5YSH5	S5ZHH8
S5YSH5	S5Z661
S5YSH5	S5YSH1
A0A2K9YN97	A0A2K9YN97
Q90125	Q90125
Q90125	Q6SA33
Q90125	K7S1X4
Q90125	O71155
Q90125	Q90053
Q90125	R9YWF5
Q90125	I3W890
A0A097F8N9	A0A097F8N9
A0A7D3QLM1	A0A7D3QLM1
Q80PY6	Q80PY6
V5K6Y0	V5K6Y0
V5K6Y0	A0A0D3MCD5
V5K6Y0	A0A0G3Y5I9
V5K6Y0	A0A0G3Y3J1
V5K6Y0	V5K7H0
V5K6Y0	V5K7G0
A0A513Q0K3	A0A513Q0K3
A0A513Q0K3	A0A513Q0T6
A0A513Q0K3	A0A513Q0S2
A0A6M3YRX2	A0A6M3YRX2
E2D6F3	E2D6F3
A0A7D3QIV9	A0A7D3QIV9
A0A193AUM5	A0A193AUM5
A0A193AUM5	A0A193AUM7
A0A1S6M267	A0A1S6M267
A0A1S6M267	B1A890
A0A1S6M267	A0A1S6M276
A0A172WCW9	A0A172WCW9
A0A172WCW9	S5RNQ7
A0A172WCW9	A0A7T7FQU4
A0A172WCW9	A0A7T7FQZ2
A0A172WCW9	A0A7T7FQW6
A0A172WCW9	A0A7T7FQX0
A0A8A4XCD9	A0A8A4XCD9
A0A0S2XGI9	A0A0S2XGI9
A0A0S2XGI9	A0A0S2XGD8
A0A0S2XGI9	A0A0E4FHW5
A0A0S2XGI9	A0A0E4B1Y8
A0A0B4N000	A0A0B4N000
Q88273	Q88273
C6KF51	C6KF51
A0A2H4RDR9	A0A2H4RDR9
A0A1B1V540	A0A1B1V540
A0A1B1V540	A0A1B1V539
A0A5C0PVD1	A0A5C0PVD1
A0A2L2P6U9	A0A2L2P6U9
A0A0A7KU74	A0A0A7KU74
S5RNM6	S5RNM6
S5RNM6	S5S301
S5RNM6	S5S2X4
S5RNM6	D7RF58
S5RNM6	D7RF57
S5RNM6	A0A0A1EC98
S5RNM6	S5S4L5
S5RNM6	A0A3G5BC29
S5RNM6	S5RIG0
S5RNM6	S5RG79
S5RNM6	D7RF53
S5RNM6	S5S2Y5
S5RNM6	A0A7T7FR11
S5RNM6	S5RG64
S5RNM6	F8RWB8
S5RNM6	S5S4N2
S5RNM6	F8RWB9
S5RNM6	A0A7T7FQW4
S5RNM6	A0A3G5BC30
S5RNM6	S5RG68
S5RNM6	S5S4P5
S5RNM6	S5RNP5
S5RNM6	D7RF54
S5RNM6	A0A075X675
S5RNM6	A0A7T7FQU7
S5RNM6	A0A345BTD1
S5RNM6	A0A345BTD0
S5RNM6	A0A7T7FQW5
S5RNM6	W8GNE1
S5RNM6	W8GSU4
S5RNM6	S5S2X1
S5RNM6	S5RG54
S5RNM6	A0A172WCX6
A0A1S6YK96	A0A1S6YK96
A0A1S6YK96	A0A0D3MCA2
A0A1S6YK96	A0A1S6YK93
A0A6H1XL25	A0A6H1XL25
A0A1Z3FW21	A0A1Z3FW21
A0A1Z3FW21	A0A1Z3FVZ6
A0A1Z3FW21	A0A1Z3FVY8
A0A1Z3FW21	A0A1Z3FW04
A0A1Z3FW21	A0A1Z3FVZ0
A0A1Z3FW21	A0A1Z3FW22
A0A1Z3FW21	A0A1Z3FW20
A0A1Z3FW21	A0A1Z3FW30
A0A1Z3FW21	A0A1Z3FVY5
A0A1Z3FW21	A0A1Z3FW16
A0A1Z3FW21	A0A1Z3FVY7
A0A1Z3FW21	A0A1Z3FVZ7
A0A1Z3FW21	A0A1Z3FW19
A0A1Z3FW21	A0A1Z3FVX8
A0A1Z3FW21	A0A1Z3FW40
A0A7D3QM82	A0A7D3QM82
A0A7D3QM82	A0A7D3QK04
A0A513Q0P1	A0A513Q0P1
A0A1J0F5D2	A0A1J0F5D2
A0A3G2VQF6	A0A3G2VQF6
A0A3G2VQF6	A0A894Z8D8
A0A3G2VQF6	A0A3G2VT97
A0A3G2VQF6	A0A3G2VT86
A0A3G2VQF6	A0A894YX64
A0A3G2VQF6	A0A3G2VQF7
A0A3G2VQF6	A0A3G2VT76
A0A3G2VQF6	A0A3G2VQM8
A0A3G2VQF6	A0A894YVA2
A0A3G2VQF6	A0A2L0ARS9
A0A3G2VQF6	A0A894YSJ0
A0A6M3YPL4	A0A6M3YPL4
A0A6M3YPL4	A0A6M9Z6I6
A0A6M3YPL4	A0A6M3YQD1
A0A6M3YPL4	A0A6M3YSB3
A0A6M3YPL4	A0A6M9Z823
A0A6M3YPL4	A0A6M3YPU1
A0A6M3YPL4	A0A6M3YPN0
A0A6M3YPL4	A0A6M3YQ02
A0A076JU08	A0A076JU08
A0A076JU08	A0A7D4WWF4
A0A076JU08	A0A7D4WAT7
A0A076JU08	A0A076JYX9
A0A076JU08	A0A5J6KMM3
A0A076JU08	A0A7D5AB83
A0A076JU08	A0A5J6KHC3
A0A076JU08	A0A7D4WAT6
A0A076JU08	A0A7M1Q5I2
A0A076JU08	A0A1P8FCK2
A0A076JU08	A0A649UF71
A0A076JU08	A0A7M1Q5L8
A0A076JU08	A0A649UEA1
A0A076JU08	A0A649UEC9
A0A076JU08	A0A346D7F8
A0A076JU08	A0A346D7F5
A0A076JU08	A0A649UFA4
A0A076JU08	I0E1R5
A0A076JU08	I0E1R0
A0A076JU08	A0A346D7F1
A0A076JU08	A0A076JU13
A0A076JU08	A0A076JVD2
A0A076JU08	A0A8G0VJ25
A0A076JU08	I0E1Q7
A0A076JU08	A0A8G0QF65
A0A076JU08	I0E1R4
A0A076JU08	A0A649UEB8
A0A076JU08	A0A649UEP6
A0A2H4RDR4	A0A2H4RDR4
A0A7M1PVP4	A0A7M1PVP4
A0A2H4RDS8	A0A2H4RDS8
A0A346GC45	A0A346GC45
A0A346GC45	A0A0Y0BYT7
A0A346GC45	A0A346GC60
A0A346GC45	A0A0Y0B7S8
A0A346GC45	A0A346GC54
A0A346GC45	A0A346GC63
A0A346GC45	A0A346GC57
A0A346GC45	A0A346GC48
A0A346GC45	A0A346GC51
A0A346GC45	A0A0Y0BKW8
A0A346GC45	A0A0Y0BUI5
A0A346GC45	A0A346GC75
A0A346GC45	A0A0Y0BYS6
A0A346GC45	A0A0Y0B7Q6
A0A513PZT9	A0A513PZT9
A0A513PZT9	A0A513PZT2
A0A513PZT9	A0A513PZN2
A0A513PZT9	A0A513PZS2
A0A0D5ZD45	A0A0D5ZD45
A0A0D5ZD45	A0A1S6EMB6
A0A0D5ZD45	A0A1S6EM37
A0A0D5ZD45	A0A346BLR7
A0A0D5ZD45	A0A159ZQG2
A0A0D5ZD45	D3X6X7
A0A0D5ZD45	A0A0D5ZDG3
A0A0D5ZD45	A0A0D5ZDB7
A0A0D5ZD45	A0A1S6EM85
A0A0D5ZD45	A0A1L6KW44
A0A0D5ZD45	A0A346BLS3
A0A0D5ZD45	A0A1S6EMB5
A0A0D5ZD45	A0A0D5ZDA3
A0A0D5ZD45	A0A1S6EM46
A0A0D5ZD45	A0A346BLR4
A0A0D5ZD45	A0A0A7W5A8
A0A0D5ZD45	A0A0K0LAR4
A0A0D5ZD45	A0A1S6EM44
A0A0D5ZD45	A0A6M3MU59
A0A0D5ZD45	A0A1S6EM75
A0A0D5ZD45	D3X6X3
A0A0D5ZD45	A0A6M3MXL4
A0A0D5ZD45	A0A1S6EM65
A0A0D5ZD45	A0A1S6EM67
A0A0D5ZD45	A0A5B9FYD1
A0A0D5ZD45	A0A1S6EMA7
A0A0D5ZD45	A0A0D5ZCQ3
A0A0D5ZD45	A0A1S6EM58
A0A0D5ZD45	A0A1L6Z981
A0A0D5ZD45	A0A1S6EM42
A0A0D5ZD45	A0A1S6EMA0
A0A0D5ZD45	A0A346BLS0
A0A0D5ZD45	A0A1S6EM62
A0A0D5ZD45	A0A0D5ZCR3
A0A0D5ZD45	A0A1S6EM49
A0A0D5ZD45	D3X6W9
A0A0D5ZD45	A0A0D5ZDD7
A0A0D5ZD45	A0A0D5ZDB9
A0A0D5ZD45	A0A6M3MXM2
A0A0D5ZD45	A0A1S6EMB3
Q96608	Q96608
Q96608	A0A3G5MXY6
Q96608	A0A0B4S3I2
Q96608	A0A2H4QH68
Q96608	A0A3Q8AGN9
Q96608	D2XJ58
Q96608	A0A1S6JPP5
Q96608	A0A3G5MXV9
Q96608	A0A218KFV7
Q96608	A0A6C0W5W1
Q96608	A0A3S6GNZ6
Q96608	A0A3G5MYF5
Q96608	A0A6C0W688
Q96608	A0A1S6JPM1
Q96608	A0A6C0W6A1
Q96608	A0A3Q8ACE1
Q96608	A0A3G5MYF8
Q96608	A0A3G5N0Y0
Q96608	A0A3Q8AWY9
Q96608	A0A384UWJ5
Q96608	A0A6C0W5S9
Q96608	A0A125S703
Q96608	D2XZ61
Q96608	A0A3S6GNZ0
Q96608	A0A3G5MY04
Q96608	A0A6C0W5E3
Q96608	A0A218KFN3
Q96608	A0A218KFU2
Q96608	A0A3B1ECX6
Q96608	A0A3G5N103
Q96608	Q156L1
Q96608	A0A218KFS3
Q96608	A0A2H4QH77
Q96608	A0A2H4QH64
Q96608	A0A1S6JPP6
Q96608	A0A3G5MXY4
Q96608	A0A6C0W576
Q96608	A0A3G5N0Z1
Q96608	A0A3G5MXV6
Q96608	A0A7M4CFC3
Q96608	Q156K6
Q96608	A0A3Q8AWY3
Q96608	A0A3G5MY10
Q96608	D2XJ57
Q96608	A0A3Q8B0C1
Q96608	A0A6C0W593
Q96608	A0A7L9AXI8
Q96608	A0A2H4QH88
Q96608	A0A1S6JPM0
Q96608	A0A2H4QH60
Q96608	A0A3Q8APV1
Q96608	A0A6C0W689
Q96608	A0A218KFP9
Q96608	A0A168PA70
Q96608	A0A6C0W585
Q96608	A0A6C0W6B9
Q96608	A0A3G5MYE2
Q96608	A0A3S6GQC5
Q96608	A0A3Q8AEW7
Q96608	A0A218KFT0
Q96608	A0A3S6GP98
Q96608	A0A218KFN7
Q96608	A0A1S6JPP3
Q96608	A0A2H4QH62
Q96608	A0A6C0W675
Q96608	A0A3S6GR73
Q96608	A0A218KFU7
Q96608	A0A3Q8AJA2
Q96608	A0A3B1ECV9
Q96608	C7F6V8
Q96608	A0A168PAD8
Q96608	A0A218KFR2
Q96608	A0A7M4CF44
Q96608	A0A7M4CFC4
Q96608	A0A6C0W5R2
Q96608	A0A3G5MY06
Q96608	A0A3G5MYD1
Q96608	A0A1S6JPQ0
Q96608	A0A218KFN8
Q96608	A0A3G5MYD5
Q96608	A0A7M4CF32
Q96608	A0A1S6JPM8
Q96608	A0A168PAM8
Q96608	A0A3G5MYD4
Q96608	A0A1S6JPN6
Q96608	A0A3Q8ATM9
Q96608	A0A0B4S3H5
Q96608	A0A2H4QH66
Q96608	A0A3G5MY07
Q96608	A0A0B4S3L3
Q96608	A0A168PAF7
Q96608	A0A3G5MY84
Q96608	A0A3G5MXY3
Q96608	A0A3G5MYB2
Q96608	A0A6C0W5X6
Q96608	A0A218KFP0
Q96608	A0A3Q8AM38
Q96608	A0A3Q8AGP3
Q96608	A0A218KFQ0
Q96608	A0A7M4CF43
Q96608	Q9WH10
Q96608	A0A1X9PQE0
Q96608	A0A6C0W5C5
Q96608	A0A218KFP5
Q96608	A0A3S6GR80
Q96608	A0A3Q8ATM2
Q96608	A0A3Q8ACD6
Q96608	A0A125S6Z3
Q96608	A0A3S6GRC9
Q96608	P24029
Q96608	A0A3S6GNV0
Q96608	A0A3G5MZD6
Q96608	A0A3G5MY16
Q96608	A0A3G5MXZ3
Q96608	A0A125S702
Q96608	A0A0B4S3S1
Q96608	A0A0B4S3J4
Q96608	A0A291NUD5
Q96608	A0A6C0W666
Q96608	A0A3Q8ACD7
Q96608	A0A3Q8B0B7
Q96608	Q65012
Q96608	G1E7B5
Q96608	A0A1S6JPM5
Q96608	A0A7L9AYX1
Q96608	Q65013
Q96608	A0A3S6GRE0
Q96608	A0A3S6GQP1
Q96608	A0A7L9AYZ7
Q96608	A0A3Q8APV6
Q96608	A0A3S6GPI0
Q96608	A0A3Q8ACE0
Q96608	A0A3G5MZF4
Q96608	A0A1S6JPN3
Q96608	A0A3Q8AWX6
Q96608	A0A3Q8AEW8
Q96608	A0A125S6Y2
Q96608	A0A1X9PR05
Q96608	A0A3B1ECX5
Q96608	A0A3S6GNZ1
Q96608	A0A3S6GPA3
Q96608	A0A3G5MZG6
Q96608	A0A3Q8AM43
Q96608	A0A168PAG6
Q96608	A0A7L9AYT4
Q96608	A0A6C0W6B2
Q96608	A0A3G5N104
Q96608	A0A1S6JPL9
Q96608	A0A3S6GRD3
Q96608	Q156K5
Q96608	A0A6C0W5S0
Q96608	Q65011
Q96608	A0A218KFS6
Q96608	Q156L2
Q96608	A0A125S6Y3
Q96608	A0A1S6JPQ4
Q96608	A0A218KFN0
Q96608	A0A3Q8AJ96
Q96608	A0A1L2BNW3
Q96608	A0A218KFT8
Q96608	A0A1S6JPN9
Q96608	A0A3G5MXW2
Q96608	A0A0B4S3T6
Q96608	A0A168PAL7
Q96608	A0A6C0W6A5
Q96608	A0A3G5MXX9
Q96608	A0A3S6GNY2
Q96608	A0A125S6Z2
Q96608	A0A3S6GQB8
Q96608	A0A1S6JPN0
Q96608	Q156K8
Q96608	A0A6C0W653
Q96608	A0A6C0W6D3
Q96608	A0A291NUD6
Q96608	A0A7M4CFA7
Q96608	Q1WDM1
Q96608	A0A7M4CFA8
Q96608	A0A6C0W678
Q96608	A0A6C0W640
Q96608	A0A7M4CF99
Q96608	A0A7L9AX73
Q96608	A0A7L9AZ08
Q96608	A0A0B4S3T7
Q96608	A0A0A0Q7T2
Q96608	A0A7M4CFC0
Q96608	A0A125S6Z8
Q96608	A0A125S6Z7
Q96608	A0A7M4CFB6
Q96608	A0A7M4CFA0
Q96608	A0A2H4G7Z9
Q96608	A0A0A0Q567
Q96608	A0A7M4CFB2
Q96608	A0A7M4CFB5
Q96608	A0A125S6Y7
Q96608	A0A0A0Q571
Q96608	A0A7L9AZ28
Q96608	A0A125S6Y8
Q96608	A0A7L9AZ14
Q96608	G5CKI6
Q96608	G5CKI5
Q96608	A0A6C0W5U9
Q96608	A0A6C0W5B5
Q96608	A0A0A0Q566
Q96608	A0A0A0Q7S8
Q96608	A0A0A0Q562
Q96608	A0A0A0Q7T1
Q96608	A0A0A0Q7S6
Q96608	A0A2I7FQN8
Q96608	A0A1D8QQF5
Q96608	A0A6C0W5U1
Q96608	A0A6C0W5A2
Q96608	A0A7L9AYZ2
Q96608	A0A7M4CF96
Q96608	A0A7M4CF45
Q96608	A0A7M4CF46
Q96608	A0A0K2F2Y2
Q96608	A0A0K2L9B6
Q96608	A0A3G5MXW5
Q96608	A0A3G5MXV1
Q96608	A0A3G5MY08
Q96608	A0A7M4CF91
Q96608	A0A7M4CF92
Q96608	A0A3G5MXV8
Q96608	A0A7M4CFA4
Q96608	A0A7M4CF73
Q96608	A0A2H4QH73
Q96608	A0A7L9AYZ8
A0A7D3UGP6	A0A7D3UGP6
A0A7M1PVK8	A0A7M1PVK8
A0A2K9YNA2	A0A2K9YNA2
A0A2K9YNA2	A0A2K9YN80
A0A8A4XE78	A0A8A4XE78
P87584	P87584
G3EZE8	G3EZE8
G3EZE8	G3EZE7
G3EZE8	S5RNM0
G3EZE8	S5RID5
G3EZE8	F6M091
G3EZE8	G3EZE4
G3EZE8	G3EZE3
G3EZE8	D7RF31
G3EZE8	H2DKZ7
G3EZE8	U5PRQ2
G3EZE8	U5PR47
G3EZE8	J7F6F7
G3EZE8	A0A513PZF4
G3EZE8	J7F4F3
G3EZE8	A0A7T7JPH3
G3EZE8	A0A7T7JPJ2
G3EZE8	A0A7T7FR59
G3EZE8	A0A513PZH9
G3EZE8	A0A513PZF6
G3EZE8	A0A6C0NCG8
G3EZE8	M9TNU4
G3EZE8	M9TGF2
G3EZE8	A0A7T7FQV4
G3EZE8	D7RF27
G3EZE8	D7RF28
G3EZE8	A0A2H4N9V8
G3EZE8	G8E3X1
G3EZE8	G8E3X0
G3EZE8	D7RF30
G3EZE8	H2E7V4
G3EZE8	W8GNR3
G3EZE8	H2E7V5
G3EZE8	G8E3W7
G3EZE8	G8E3W6
G3EZE8	S5RIG2
G3EZE8	S5S4P2
G3EZE8	S5RNN0
G3EZE8	S5RIE6
A0A0D3MD69	A0A0D3MD69
A0A0D3MD69	A0A0D3MCN5
A0A0D3MD69	A0A0D3MD74
A0A0D3MD69	A0A0D3MCP2
A0A2H4RDS2	A0A2H4RDS2
A0A2H4N9S6	A0A2H4N9S6
A0A1B3IIH5	A0A1B3IIH5
A0A1B3IIH5	A0A1B3IIH4
A0A1B3IIH5	A0A6B9DRE3
A0A1B3IIH5	A0A6B9DGP0
A0A1B3IIH5	A0A6B9DGN7
A0A1B3IIH5	A0A6B9DGP2
A0A1B3IIH5	A0A6B9DGP7
A0A221LEC7	A0A221LEC7
C4P0S3	C4P0S3
A0A2S0SYY7	A0A2S0SYY7
A0A2S0SYY7	A0A2S0SYZ4
H2ESE5	H2ESE5
H9A282	H9A282
H9A282	H9A280
H9A282	H9A281
H9A282	H9A289
H9A282	H9A279
H9A282	G1C5G5
H9A282	A0A0U4CJY3
H9A282	W0FAP7
H9A282	A0A513PZZ2
H9A282	A0A5K7R9K8
H9A282	W0FAS0
H9A282	V9LXS7
H9A282	A0A513PZX7
H9A282	A0A7T7WWS1
H9A282	V9LXN3
H9A282	I4CMA9
H9A282	H9A252
H9A282	H9A249
H9A282	H9A271
H9A282	B4XXC9
H9A282	A0A1D9BZE4
H9A282	H9A257
H9A282	H9A246
H9A282	A0A3G2LVC3
H9A282	A0A0C4L576
H9A282	E1AYH0
H9A282	F6KS49
H9A282	H9A255
H9A282	A0A0C4L657
H9A282	A0A5K7R9J6
H9A282	A0A5K7R9M3
H9A282	A0A5K7R9L5
H9A282	A0A5K7R9R1
H9A282	A0A0P0J2F1
H9A282	A0A193AUN1
H9A282	A0A0N7IS21
H9A282	A0A0P0I8Q7
H9A282	G8E0M9
H9A282	A0A0P0IVC5
H9A282	A0A0P0J2G0
H9A282	A0A0P0IHT4
H9A282	G8E0N2
H9A282	H6VXP0
H9A282	G1C5I3
H9A282	W0FEZ3
H9A282	H6VXP3
H9A282	R4U4J7
H9A282	G1C5F9
H9A282	E2D6E8
H9A282	A0A5K7R9J4
H9A282	A0A513PZX9
H9A282	I6T7V5
H9A282	R4U911
H9A282	R4U925
H9A282	H6VXP9
H9A282	R4TV13
H9A282	I6SBB9
H9A282	A0A8F0D6X5
H9A282	W0FFC9
H9A282	A0A513PZY8
H9A282	A0A0D4BTX8
H9A282	W0FEY7
H9A282	W0FAN4
H9A282	R4TV06
H9A282	I4CMA0
H9A282	A0A5K7R987
H9A282	A0A8E9ZV84
H9A282	I6TG76
H9A282	G1C5H2
H9A282	G1C5H9
H9A282	R4TUZ9
H9A282	B4XXF9
H9A282	G1C5I7
H9A282	R4TXB8
H9A282	R4U4K5
H9A282	W0FE43
H9A282	A0A5K7R9R6
H9A282	A0A513PZX0
H9A282	I6XPI4
H9A282	E2D6F7
H9A282	I6XG66
H9A282	I6XTK1
H9A282	R4U4M1
H9A282	I6SNB5
H9A282	G1C5J3
H9A282	I6SNA1
H9A282	A0A2U9AV40
H9A282	A0A0U4BA78
H9A282	B4XXE4
H9A282	G1C5G2
H9A282	W0FE17
H9A282	R4TXD2
H9A282	I4CMA3
H9A282	A0A8E9ZWQ8
H9A282	A0A5K7R9Q4
H9A282	A0A5K7R9H6
H9A282	H9A285
H9A282	H9A286
H9A282	I4CMB2
H9A282	I4CMA6
A0A2Z3D894	A0A2Z3D894
A0A891EZE5	A0A891EZE5
A0A891EZE5	A0A891EZU7
A0A891EZE5	A0A891EZS6
A0A481W6J5	A0A481W6J5
A0A7T0MBY1	A0A7T0MBY1
A0A7T0MBY1	A0A7T0MBX6
A0A7T0MBY1	A0A0D3MD85
A0A7T0MBY1	I3VR61
A0A7T0MBY1	I3VR60
A0A481W736	A0A481W736
A0A7D3V1H4	A0A7D3V1H4
A0A2Z3DB37	A0A2Z3DB37
A0A2H4YQ20	A0A2H4YQ20
A0A2H4YQ20	A0A2H4YQ16
A0A2Z4EVH0	A0A2Z4EVH0
H9XTL4	H9XTL4
A0A2H4X1Y6	A0A2H4X1Y6
W8PQ92	W8PQ92
A0A6B9UMK2	A0A6B9UMK2
A0A7D3QLH8	A0A7D3QLH8
A0A7M1PVN3	A0A7M1PVN3
G1JYY2	G1JYY2
G1JYY2	G1JYY1
G1JYY2	G1JYX4
G1JYY2	G1JYX7
G1JYY2	G1JYW9
G1JYY2	G1JYX3
G1JYY2	G1JYW5
G1JYY2	G1JYX8
G1JYY2	G1JYX2
G1JYY2	G1JYW8
G1JYY2	G1JYW4
G1JYY2	G1JYY6
G1JYY2	G1JYY5
A0A0A0R2R1	A0A0A0R2R1
A0A0A0R2R1	V5NGQ3
A0A8A4XE66	A0A8A4XE66
P03136	P03136
P03136	X2C604
P03136	X2C6Q1
P03136	Q8JV17
P03136	A4D8J6
P03136	W8CK23
P03136	Q8JV15
P03136	W8CJ30
P03136	Q8JV13
P03136	Q1AE10
P03136	A0A2S0SZ26
P03136	Q06FJ8
P03136	M9SZC5
P03136	B7U877
P03136	Q2WFQ4
P03136	Q1AE03
P03136	B7U6W7
P03136	M9SZD1
P03136	B7U6W8
P03136	M9T166
P03136	P36310
P03136	B7U6Y5
P03136	M9T6Z9
P03136	Q06FJ7
P03136	Q83430
P03136	M9T704
P03136	Q6Q1P5
P03136	Q1AE04
P03136	B7U6Y6
P03136	B7U878
P03136	M9T582
P03136	A0A2S0SZ93
P03136	M9T1S1
P03136	Q1AE09
P03136	P03137
P03136	Q1AE15
P03136	Q84364
P03136	P07302
P03136	Q1AE16
P03136	Q84367
P03136	P88901
P03136	Q993M4
P03136	A0A068B372
P03136	P90329
P03136	Q84207
P03136	J9RQD1
P03136	J9RUE2
P03136	A0A068B169
P03136	Q8JV27
P03136	A0A0C5BD19
P03136	A0A5C1X4C3
P03136	Q8JV26
P03136	A0A0C5BA42
A0A221LEC4	A0A221LEC4
A0A7D4WFI2	A0A7D4WFI2
A0A7D4WFI2	A0A7D5A848
V5KE12	V5KE12
A0A7M1PWM5	A0A7M1PWM5
A0A0D3MCN1	A0A0D3MCN1
A0A0D3MCN1	A0A2Z3D8A5
A0A0D3MCN1	K7QR44
A0A0D3MCN1	A0A346Q071
A0A0D3MCN1	A0A346Q069
A0A0D3MCN1	C8CK36
A0A0D3MCN1	K7R135
A0A0D3MCN1	A0A0D3MD65
A0A0D3MCN1	A0A2Z3D879
A0A0D3MCN1	A0A346Q066
A0A5C0PWL4	A0A5C0PWL4
K4NU96	K4NU96
K4NU96	A0A1B0VBQ6
K4NU96	A0A1B0VJ47
K4NU96	A0A1B0VEZ1
K4NU96	A0A1B0VDV2
K4NU96	A0A1B0VEL1
K4NU96	A0A1B0VBP3
K4NU96	A0A1B0VBZ0
K4NU96	A0A1B0VGA7
K4NU96	A0A1B0VBZ3
K4NU96	A0A1B0VEK1
K4NU96	I6XT93
K4NU96	I6XK65
K4NU96	A0A1B0VEE0
K4NU96	A0A1B0VBP5
K4NU96	A0A1S5VGC1
K4NU96	A0A1B0VBZ7
K4NU96	A0A1B0VBZ8
K4NU96	A0A1S5VGK8
A0A7D3QPT2	A0A7D3QPT2
A0A871HZ70	A0A871HZ70
A0A871HZ70	A0A8G0QXE4
A0A221LED6	A0A221LED6
A0A221LED6	A0A7D7IR21
A0A2Z3D7V2	A0A2Z3D7V2
A0A2Z3D7V2	A0A2Z3D859
A0A8A4XDM9	A0A8A4XDM9
A0A7L9B005	A0A7L9B005
A0A7L9B005	A0A6C0W8Q8
A0A7L9B005	A0A6C0W7B8
A0A481W670	A0A481W670
A0A7D3QM90	A0A7D3QM90
A0A2U9AV19	A0A2U9AV19
A0A2U9AV19	A0A7T7WWM9
A0A2U9AV19	A0A346TH51
A0A2U9AV19	A0A513PZS4
A0A2U9AV19	A0A513PZQ4
A0A2U9AV19	Q8QVL1
A0A2U9AV19	A0A513PZU5
A0A2U9AV19	A0A513PZL9
A0A0D3MC97	A0A0D3MC97
A0A0D3MC97	V5K6X2
A0A0D3MC97	A0A0D3MD62
A0A0D3MC97	A0A0G3Y3I6
A0A0D3MC97	A0A0G3Y610
A0A8A4XE08	A0A8A4XE08
A0A0C5GBM8	A0A0C5GBM8
A0A0C5GBM8	A0A0C5GDV2
A0A0C5GBM8	E7D8V8
A0A0C5GBM8	A0A891ZU37
A0A0C5GBM8	A0A891ZTN0
A0A0C5GBM8	A0A891ZTJ8
A0A0C5GBM8	A0A4Y5T7W0
A0A0C5GBM8	A0A0C5G4H7
A0A0C5GBM8	A0A346QRJ5
A0A0C5GBM8	A0A0M4G4X8
A0A0C5GBM8	A0A7U3UJB4
A0A0C5GBM8	V9HZS0
A0A0C5GBM8	A0A0C5GR78
A0A0C5GBM8	A0A649UFC5
A0A0C5GBM8	A0A0C5GDU8
A0A0C5GBM8	A0A0C5G4H5
A0A0C5GBM8	A0A0C5GR84
A0A0C5GBM8	A0A0K1H459
A0A0C5GBM8	A0A481WXL1
A0A0C5GBM8	A0A1P8L128
A0A0C5GBM8	A0A4D6G3M6
A0A0C5GBM8	B8X1E6
A0A0C5GBM8	A0A2I6SID5
A0A0C5GBM8	A0A2L1GIP7
A0A0C5GBM8	A0A0D5X1N1
A0A0C5GBM8	A0A0K1H3V8
A0A0C5GBM8	Q2F2W4
A0A0C5GBM8	A0A0A0RBZ1
A0A0C5GBM8	C6K8M6
A0A0C5GBM8	Q9YQQ2
A0A0C5GBM8	A0A2I6SIL9
A0A0C5GBM8	W0P0W0
A0A0C5GBM8	A0A0D5X242
A0A0C5GBM8	A0A481WV63
A0A0C5GBM8	A8WAE6
A0A0C5GBM8	B1PPY4
A0A0C5GBM8	A0A1P8L140
A0A0C5GBM8	A7LHA0
A0A0C5GBM8	A0A2Z2GRD8
A0A0C5GBM8	A0A3S7H608
A0A0C5GBM8	C7SHG8
A0A0C5GBM8	C7SHF5
A0A0C5GBM8	A0A811B1K2
A0A0C5GBM8	A0A248QNW3
A0A0C5GBM8	A0A8A6NKA7
A0A0C5GBM8	A0A5P8N5W1
A0A0C5GBM8	A7LBB1
A0A0C5GBM8	A0A0U2UWH1
A0A0C5GBM8	C3PTB9
A0A0C5GBM8	A0A6B9SM27
A0A0C5GBM8	A0A344X455
A0A0C5GBM8	A0A4D6G0E0
A0A0C5GBM8	A0A3P8MIC8
A0A0C5GBM8	A0A2I4PYB7
A0A0C5GBM8	A0A5B9TM58
A0A0C5GBM8	A0A1B1FKX9
A0A0C5GBM8	A0A6B7HXG7
A0A0C5GBM8	A0A0B5J4F0
A0A0C5GBM8	C9WCJ5
A0A0C5GBM8	A0A5B9RHA9
A0A0C5GBM8	A0A4D6G0F3
A0A0C5GBM8	A0A5B9TM36
A0A0C5GBM8	A0A0A0VCS6
A0A0C5GBM8	A0A6H1QT85
A0A0C5GBM8	A0A6C0W8I8
A0A0C5GBM8	B8X1H3
A0A0C5GBM8	B7U5I5
A0A0C5GBM8	A0A5J6SFS2
A0A0C5GBM8	B8X1F6
A0A0C5GBM8	A0A811B0F8
A0A0C5GBM8	Q96801
A0A0C5GBM8	A0A895HNN1
A0A0C5GBM8	A0A220KBA8
A0A0C5GBM8	A0A811B350
A0A0C5GBM8	C7SHF1
A0A0C5GBM8	A0A6G9W1J9
A0A0C5GBM8	A0A482CT94
A0A0C5GBM8	A0A0S1RTB1
A0A0C5GBM8	A0A6G6FTS1
A0A0C5GBM8	G8J9C2
A0A0C5GBM8	G8J9B5
A0A0C5GBM8	Q5UFL1
A0A0C5GBM8	P87701
A0A0C5GBM8	A0A1P8L147
A0A0C5GBM8	A0A075DDC3
A0A0C5GBM8	A0A2L1GIQ8
A0A0C5GBM8	A0A0K1H3V5
A0A0C5GBM8	A0A6H1QTG4
A0A0C5GBM8	B8X1C6
A0A0C5GBM8	A0A4D6G0J4
A0A0C5GBM8	A0A0K1H3X8
A0A0C5GBM8	A0A0G3Y268
A0A0C5GBM8	A0A5B9TM55
A0A0C5GBM8	A0A0F6VXX3
A0A0C5GBM8	A0A4D6G396
A0A0C5GBM8	A0A3S5G720
A0A0C5GBM8	A0A8E5JPC9
A0A0C5GBM8	W0P1S1
A0A0C5GBM8	A0A2H4L287
A0A0C5GBM8	V9HZV8
A0A0C5GBM8	A0A6B9SNK5
A0A0C5GBM8	C7SHG4
A0A0C5GBM8	A0A2I6SIW1
A0A0C5GBM8	A0A3T0U339
A0A0C5GBM8	H6ACX2
A0A0C5GBM8	A0A386TLV6
A0A0C5GBM8	B3U297
A0A0C5GBM8	E7D8W2
A0A0C5GBM8	A0A142DDQ2
A0A0C5GBM8	Q99I73
A0A0C5GBM8	C9WCK1
A0A0C5GBM8	A0A0K1H408
A0A0C5GBM8	A0A6B9SLX1
A0A0C5GBM8	H2DL99
A0A0C5GBM8	C4P4B1
A0A0C5GBM8	A0A4D6G2A9
A0A0C5GBM8	A0A0F6VXX9
A0A0C5GBM8	Q5UFK9
A0A0C5GBM8	A0A5B9TM04
A0A0C5GBM8	Q5UFL0
A0A0C5GBM8	A0A2S1YEJ7
A0A0C5GBM8	A0A2I6SIR1
A0A0C5GBM8	A0A2U9AEJ9
A0A0C5GBM8	A0A6C0W9B1
A0A0C5GBM8	L7QE71
A0A0C5GBM8	D4P4S8
A0A0C5GBM8	A0A7S8F1Y8
A0A0C5GBM8	D2Y0X5
A0A0C5GBM8	A0A6M4RSK9
A0A0C5GBM8	C7SHG9
A0A0C5GBM8	R4U4G9
A0A0C5GBM8	A0A811B0T2
A0A0C5GBM8	D2KHM1
A0A0C5GBM8	A0A240G197
A0A0C5GBM8	K9MDW6
A0A0C5GBM8	A0A0B5EAV6
A0A0C5GBM8	A0A8A6NLX7
A0A0C5GBM8	A0A6C0W6D6
A0A0C5GBM8	A0A6B7KH24
A0A0C5GBM8	A0A3S7HIU7
A0A0C5GBM8	A0A0K1H4H8
A0A0C5GBM8	A0A2S1YEK0
A0A0C5GBM8	Q5UFK1
A0A0C5GBM8	A0A0S1RRZ4
A0A0C5GBM8	C7SBJ0
A0A0C5GBM8	A0A182BCC2
A0A0C5GBM8	A0A0K2GUC4
A0A0C5GBM8	A0A0F6SCX3
A0A0C5GBM8	A0A0E3JIE8
A0A0C5GBM8	A8WAD8
A0A0C5GBM8	A0A0D5X249
A0A0C5GBM8	A0A8E8TY80
A0A0C5GBM8	C4P4B8
A0A0C5GBM8	A0A5B9TLZ3
A0A0C5GBM8	A0A3R5T5M4
A0A0C5GBM8	A0A6G9W2T4
A0A0C5GBM8	C6K8N7
A0A0C5GBM8	G9BJ59
A0A0C5GBM8	V9HZT1
A0A0C5GBM8	D6QY27
A0A0C5GBM8	A0A6B9SLW1
A0A0C5GBM8	Q66NY1
A0A0C5GBM8	A0A1P8L137
A0A0C5GBM8	A0A6G9W351
A0A0C5GBM8	A0A6B7KJ44
A0A0C5GBM8	A0A0H4B300
A0A0C5GBM8	W0NX82
A0A0C5GBM8	B2ZUH5
A0A0C5GBM8	A0A3G2BB01
A0A0C5GBM8	B8Q692
A0A0C5GBM8	A0A5B8WDD1
A0A0C5GBM8	A0A7G5WHW1
A0A0C5GBM8	Q3S2I0
A0A0C5GBM8	A0A5B9TM27
A0A0C5GBM8	A0A6B9SLQ1
A0A0C5GBM8	A0A6C0WB10
A0A0C5GBM8	Q3HXA7
A0A0C5GBM8	A0A7L7S6X3
A0A0C5GBM8	G0Z570
A0A0C5GBM8	S5MLE2
A0A0C5GBM8	A0A0F6VXY2
A0A0C5GBM8	Q3HXA8
A0A0C5GBM8	A8WAE8
A0A0C5GBM8	Q5UFK8
A0A0C5GBM8	A0A344X464
A0A0C5GBM8	G8J9C7
A0A0C5GBM8	A0A140DBX7
A0A0C5GBM8	A0A4D6G0E9
A0A0C5GBM8	B3U275
A0A0C5GBM8	V9HZQ5
A0A0C5GBM8	A0A890CAG7
A0A0C5GBM8	A0A7U1BG92
A0A0C5GBM8	C7SHG2
A0A0C5GBM8	C7SHG7
A0A0C5GBM8	A0A1P8P057
A0A0C5GBM8	Q98VH1
A0A0C5GBM8	S4UL00
A0A0C5GBM8	A0A8F5ZHW2
A0A0C5GBM8	A0A5B9TM22
A0A0C5GBM8	E7D8V6
A0A0C5GBM8	B3U289
A0A0C5GBM8	A0A6M8NNI5
A0A0C5GBM8	A0A6C0W5F1
A0A0C5GBM8	A0A0S1RRR6
A0A0C5GBM8	A0A4D6Q380
A0A0C5GBM8	G3G712
A0A0C5GBM8	A0A0K0NR26
A0A0C5GBM8	A0A3Q8EL64
A0A0C5GBM8	A0A0F6YFE8
A0A0C5GBM8	Q3HXB3
A0A0C5GBM8	A0A075DCV6
A0A0C5GBM8	A0A1Y0BWC9
A0A0C5GBM8	A0A4D6G377
A0A0C5GBM8	A0A0K1H4E2
A0A0C5GBM8	A0A219YQJ6
A0A0C5GBM8	A0A481WXJ5
A0A0C5GBM8	A0A890CAY2
A0A0C5GBM8	A0A3G1HH30
A0A0C5GBM8	A0A6C0W8G4
A0A0C5GBM8	A0A6C0WCU1
A0A0C5GBM8	A0A6C0W5D6
A0A0C5GBM8	A0A6B7KN48
A0A0C5GBM8	A0A6C0W8G5
A0A0C5GBM8	L7QDJ2
A0A0C5GBM8	A0A6C0W8F7
A0A0C5GBM8	A0A6G9W3Q7
A0A0C5GBM8	A0A6B7HXJ8
A0A0C5GBM8	S4UL95
A0A0C5GBM8	G9BJ48
A0A0C5GBM8	C0LJ97
A0A0C5GBM8	A0A6B7HXF0
A0A0C5GBM8	B8XCU9
A0A0C5GBM8	A0A6M6R0S1
A0A0C5GBM8	A0A481WVA3
A0A0C5GBM8	A0A481WXK1
A0A0C5GBM8	Q09GQ1
A0A0C5GBM8	A0A386TTZ6
A0A0C5GBM8	Q99I69
A0A0C5GBM8	B7TXX3
A0A0C5GBM8	A0A7S5PYM6
A0A0C5GBM8	B2ZUH7
A0A0C5GBM8	A0A172PYN4
A0A0C5GBM8	I3WBE3
A0A0C5GBM8	A0A6B9SLP4
A0A0C5GBM8	A0A0K1H3Z7
A0A0C5GBM8	A0A411PNF3
A0A0C5GBM8	A0A2S1YEK9
A0A0C5GBM8	A0A8E8P2B5
A0A0C5GBM8	A0A2S0SZI9
A0A0C5GBM8	A0A4D6G3P9
A0A0C5GBM8	A0A2D1PK63
A0A0C5GBM8	A0A6B9SMZ4
A0A0C5GBM8	A2IBP6
A0A0C5GBM8	X5D2W4
A0A0C5GBM8	Q9YQQ1
A0A0C5GBM8	W0P0S8
A0A0C5GBM8	A0A6C0W945
A0A0C5GBM8	A0A890CAY7
A0A0C5GBM8	A0A0E3JPL4
A0A0C5GBM8	C6K8N0
A0A0C5GBM8	A0A6C0W9B7
A0A0C5GBM8	A0A6B9RMA6
A0A0C5GBM8	A0A0E3GME7
A0A0C5GBM8	A0A8E8K252
A0A0C5GBM8	P90480
A0A0C5GBM8	A0A811B0U3
A0A0C5GBM8	A0A811B091
A0A0C5GBM8	B8X1G0
A0A0C5GBM8	A0A6G6FTT6
A0A0C5GBM8	A0A2I6SIC5
A0A0C5GBM8	A0A240G198
A0A0C5GBM8	V9HZV6
A0A0C5GBM8	A0A7M3UED0
A0A0C5GBM8	E5D0R7
A0A0C5GBM8	A0A240G195
A0A0C5GBM8	A0A2S0SZM3
A0A0C5GBM8	A0A5J6SFV9
A0A0C5GBM8	Q9DLK7
A0A0C5GBM8	A0A0F6YFF2
A0A0C5GBM8	A0A4D6G0E3
A0A0C5GBM8	A0A8A5KYA3
A0A0C5GBM8	B3U268
A0A0C5GBM8	O55862
A0A0C5GBM8	A0A2P1NR75
A0A0C5GBM8	C4P4B5
A0A0C5GBM8	A0A4D6G0G9
A0A0C5GBM8	A0A0A0RBS5
A0A0C5GBM8	F6ME13
A0A0C5GBM8	A8WAE0
A0A0C5GBM8	H2DL98
A0A0C5GBM8	A0A6C0W938
A0A0C5GBM8	W0NX77
A0A0C5GBM8	A7LFP8
A0A0C5GBM8	A0A8E8K4H0
A0A0C5GBM8	A0A6C0W8E5
A0A0C5GBM8	C8CB80
A0A0C5GBM8	V5RA74
A0A0C5GBM8	A0A0E3JIE5
A0A0C5GBM8	A0A8E8MXT1
A0A0C5GBM8	A0A075DCN8
A0A0C5GBM8	C0LJ99
A0A0C5GBM8	B8XCU8
A0A0C5GBM8	A0A2I6SIJ0
A0A0C5GBM8	A0A4D6BRL5
A0A0C5GBM8	A0A2I6SIT7
A0A0C5GBM8	A0A218KKF0
A0A0C5GBM8	A0A8E5JQ94
A0A0C5GBM8	A0A6M6R173
A0A0C5GBM8	Q99I68
A0A0C5GBM8	A0A1C9HJC2
A0A0C5GBM8	Q99I72
A0A0C5GBM8	A0A5B9TM81
A0A0C5GBM8	X5D184
A0A0C5GBM8	Q3HXB4
A0A0C5GBM8	A0A5B8WHF7
A0A0C5GBM8	B8XU20
A0A0C5GBM8	O72891
A0A0C5GBM8	A0A649UEC3
A0A0C5GBM8	A0A6C0W8H9
A0A0C5GBM8	A0A0K1H416
A0A0C5GBM8	C4P4B7
A0A0C5GBM8	I7B8Y0
A0A0C5GBM8	A0A0K1H427
A0A0C5GBM8	A0A6C0W8Y7
A0A0C5GBM8	A0A3G2BB08
A0A0C5GBM8	A0A5J6SFP1
A0A0C5GBM8	A0A0F6SCX2
A0A0C5GBM8	W0NX87
A0A0C5GBM8	A0A344X454
A0A0C5GBM8	A0A8E5NHD4
A0A0C5GBM8	A0A0F6VXX4
A0A0C5GBM8	A0A023JEA7
A0A0C5GBM8	I3WBD9
A0A0C5GBM8	D4P4S7
A0A0C5GBM8	A0A023JEB4
A0A0C5GBM8	A0A0K0NR87
A0A0C5GBM8	A0A2I7G3V7
A0A0C5GBM8	A0A5B8P8U1
A0A0C5GBM8	V9HZV7
A0A0C5GBM8	A0A811B2R8
A0A0C5GBM8	A0A6C0W919
A0A0C5GBM8	A0A8E8P0T2
A0A0C5GBM8	B6CAZ8
A0A0C5GBM8	A0A0K1H486
A0A0C5GBM8	A0A0U3CQZ6
A0A0C5GBM8	K9MDY4
A0A0C5GBM8	A0A5B8WGC5
A0A0C5GBM8	A0A646YI19
A0A0C5GBM8	A0A7G5WHW0
A0A0C5GBM8	A0A6M4RTB6
A0A0C5GBM8	A0A4D6G0K0
A0A0C5GBM8	Q3HXB6
A0A0C5GBM8	A0A142DDQ8
A0A0C5GBM8	A0A6B9SM16
A0A0C5GBM8	A0A0K1H404
A0A0C5GBM8	A0A7G5WHV7
A0A0C5GBM8	A0A0G3Y4B2
A0A0C5GBM8	A0A075DCY2
A0A0C5GBM8	A8WAE5
A0A0C5GBM8	A0A344X456
A0A0C5GBM8	G8J9D0
A0A0C5GBM8	A0A075DDC0
A0A0C5GBM8	A0A6C0W8I0
A0A0C5GBM8	A0A6C0W8J5
A0A0C5GBM8	A0A386TLX6
A0A0C5GBM8	E5D0Q7
A0A0C5GBM8	A0A5B8PAH6
A0A0C5GBM8	V9HZT4
A0A0C5GBM8	A0A140B7Y2
A0A0C5GBM8	A0A811B1L2
A0A0C5GBM8	K9MDD1
A0A0C5GBM8	A0A6C0W990
A0A0C5GBM8	A0A4D6G3R2
A0A0C5GBM8	A0A140B7W8
A0A0C5GBM8	A0A0E3JSI7
A0A0C5GBM8	A7LHA1
A0A0C5GBM8	A0A2Z4EJH9
A0A0C5GBM8	E7D8V5
A0A0C5GBM8	A7LHA2
A0A0C5GBM8	A0A6B9SLQ9
A0A0C5GBM8	A0A2I6SIC0
A0A0C5GBM8	A0A141J925
A0A0C5GBM8	A0A6B7HXF7
A0A0C5GBM8	A0A3S7H611
A0A0C5GBM8	A0A2L1GIT6
A0A0C5GBM8	W0NXA8
A0A0C5GBM8	A0A8G0KHS6
A0A0C5GBM8	A0A0K1H3V7
A0A0C5GBM8	I3WBE7
A0A0C5GBM8	A0A385I2H5
A0A0C5GBM8	A0A5B9TMB5
A0A0C5GBM8	A0A6B7KF29
A0A0C5GBM8	A0A4D6G0D1
A0A0C5GBM8	A0A4D6G0J2
A0A0C5GBM8	V9HZT7
A0A0C5GBM8	A0A2Z2GQF6
A0A0C5GBM8	Q66NX7
A0A0C5GBM8	Q2F2R8
A0A0C5GBM8	B7U5H9
A0A0C5GBM8	A0A6G9W2C8
A0A0C5GBM8	A0A346QRJ6
A0A0C5GBM8	A0A5P8N599
A0A0C5GBM8	A0A6C0W928
A0A0C5GBM8	A0A068FIJ8
A0A0C5GBM8	A0A5B8WCI3
A0A0C5GBM8	Q4JFX3
A0A0C5GBM8	B3U293
A0A0C5GBM8	A0A160EDA2
A0A0C5GBM8	A0A346QRW5
A0A0C5GBM8	A0A2U9AEK8
A0A0C5GBM8	A0A4Y6GUM3
A0A0C5GBM8	A0A2I6SIF2
A0A0C5GBM8	C4P4A7
A0A0C5GBM8	A0A4D6G0E4
A0A0C5GBM8	A0A6C0W8I5
A0A0C5GBM8	A0A219YQH0
A0A0C5GBM8	A0A0K1H4C7
A0A0C5GBM8	B1PPY5
A0A0C5GBM8	A0A7S8F1Y1
A0A0C5GBM8	A0A2L1GIU0
A0A0C5GBM8	A0A0K1H401
A0A0C5GBM8	A0A516F352
A0A0C5GBM8	A0A0H4A766
A0A0C5GBM8	L7QDQ6
A0A0C5GBM8	A0A2Z2GVM8
A0A0C5GBM8	A0A023JEB5
A0A0C5GBM8	A0A2I6SIT9
A0A0C5GBM8	A0A286Q1Q6
A0A0C5GBM8	S4UL96
A0A0C5GBM8	S4UL47
A0A0C5GBM8	A0A6C0WB19
A0A0C5GBM8	A0A344X438
A0A0C5GBM8	B8K1L4
A0A0C5GBM8	A0A646SXS5
A0A0C5GBM8	B8K1P6
A0A0C5GBM8	B2ZFZ9
A0A0C5GBM8	A0A0U3E671
A0A0C5GBM8	C3PTB6
A0A0C5GBM8	B2ZUH8
A0A0C5GBM8	E7D8U9
A0A0C5GBM8	A0A5B9TM71
A0A0C5GBM8	I7AZW9
A0A0C5GBM8	A0A1P8L131
A0A0C5GBM8	C9WCJ7
A0A0C5GBM8	A0A0K1H439
A0A0C5GBM8	A1XFH5
A0A0C5GBM8	A0A2I6SIX6
A0A0C5GBM8	A7LFQ4
A0A0C5GBM8	A0A481WV78
A0A0C5GBM8	A0A2U8Z8W4
A0A0C5GBM8	A0A4D6G3Q0
A0A0C5GBM8	Q9YQQ0
A0A0C5GBM8	A0A5B9LZ72
A0A0C5GBM8	A7LFQ0
A0A0C5GBM8	A0A4D6IX78
A0A0C5GBM8	A0A6C0W8G0
A0A0C5GBM8	A0A0E3M2Y7
A0A0C5GBM8	A0A2Z4EG01
A0A0C5GBM8	A0A6B9SN61
A0A0C5GBM8	H6ACQ7
A0A0C5GBM8	A0A0E3M2G6
A0A0C5GBM8	G8J9B9
A0A0C5GBM8	P90447
A0A0C5GBM8	G9BJ52
A0A0C5GBM8	I3WBD7
A0A0C5GBM8	G9BJ64
A0A0C5GBM8	A0A218KKE8
A0A0C5GBM8	A0A5B9TLY8
A0A0C5GBM8	A0A890CAM8
A0A0C5GBM8	A0A6G9W3R8
A0A0C5GBM8	A8UL81
A0A0C5GBM8	A0A4P8NIP7
A0A0C5GBM8	W0NX97
A0A0C5GBM8	E5D0S6
A0A0C5GBM8	A0A5B9TLX4
A0A0C5GBM8	A0A5B8WK34
A0A0C5GBM8	A0A2I6SIS3
A0A0C5GBM8	A0A5B8WCY6
A0A0C5GBM8	F6KWE4
A0A0C5GBM8	A0A0K0NR41
A0A0C5GBM8	A0A2I6SIG6
A0A0C5GBM8	A0A023PNS6
A0A0C5GBM8	A0A2P1NR64
A0A0C5GBM8	A0A4D6G2D8
A0A0C5GBM8	C7SBI9
A0A0C5GBM8	A0A6B7KF27
A0A0C5GBM8	C8CB78
A0A0C5GBM8	A0A2U9AEK9
A0A0C5GBM8	A0A6B7KRS6
A0A0C5GBM8	A0A0A0RBY8
A0A0C5GBM8	H2DL96
A0A0C5GBM8	B8X1D3
A0A0C5GBM8	A0A5B9TLZ5
A0A0C5GBM8	A1DRC9
A0A0C5GBM8	A8WAE7
A0A0C5GBM8	K9MDX9
A0A0C5GBM8	A0A344X437
A0A0C5GBM8	A0A2I6SIJ3
A0A0C5GBM8	A0A2I6SIA8
A0A0C5GBM8	A0A386TLQ7
A0A0C5GBM8	D4P4S6
A0A0C5GBM8	C0LJA1
A0A0C5GBM8	C7SHF9
A0A0C5GBM8	A0A6B7KN54
A0A0C5GBM8	A0A0B5EAV2
A0A0C5GBM8	O72726
A0A0C5GBM8	A0A5P8N5E8
A0A0C5GBM8	B3U296
A0A0C5GBM8	A0A3S5G719
A0A0C5GBM8	A0A0A0VDV9
A0A0C5GBM8	A0A2L1GIU9
A0A0C5GBM8	B2ZG23
A0A0C5GBM8	A0A0K1H409
A0A0C5GBM8	A0A0K1H407
A0A0C5GBM8	A0A6C0W912
A0A0C5GBM8	A0A0H4B901
A0A0C5GBM8	A0A5B9TMD4
A0A0C5GBM8	G8J9D1
A0A0C5GBM8	A0A4D6Q347
A0A0C5GBM8	I3WBE0
A0A0C5GBM8	A0A0E3M2K4
A0A0C5GBM8	A0A0K1H437
A0A0C5GBM8	A0A0F6YEE8
A0A0C5GBM8	Q3HXB2
A0A0C5GBM8	A0A2P1NR94
A0A0C5GBM8	A0A0F6VXX6
A0A0C5GBM8	A0A6H1QTF3
A0A0C5GBM8	A0A6C0W966
A0A0C5GBM8	V9HZT2
A0A0C5GBM8	A0A6B9SM25
A0A0C5GBM8	A0A6G9W3W5
A0A0C5GBM8	G0Z574
A0A0C5GBM8	A0A8A6NJ09
A0A0C5GBM8	G9BJ67
A0A0C5GBM8	A0A0E3M0S1
A0A0C5GBM8	E5D0R6
A0A0C5GBM8	A0A2Z4EFZ3
A0A0C5GBM8	A0A481WXQ1
A0A0C5GBM8	A0A5P8N5H8
A0A0C5GBM8	A0A5P8N6V8
A0A0C5GBM8	A0A1P8L122
A0A0C5GBM8	A0A0S1RRT2
A0A0C5GBM8	A0A023Q2Y9
A0A0C5GBM8	A0A0H3WKE8
A0A0C5GBM8	A0A8E8P1H3
A0A0C5GBM8	A0A8E5NGL8
A0A0C5GBM8	A0A481WV12
A0A0C5GBM8	S5MZB1
A0A0C5GBM8	A0A4D6G0Q3
A0A0C5GBM8	A0A0M4FMR2
A0A0C5GBM8	A0A6C0W8K8
A0A0C5GBM8	A0A0F6VXX7
A0A0C5GBM8	A0A2U9AEJ4
A0A0C5GBM8	A0A6H1QTH3
A0A0C5GBM8	A0A6B7KR46
A0A0C5GBM8	A0A4D6G370
A0A0C5GBM8	A0A0K1H453
A0A0C5GBM8	A0A385I2H8
A0A0C5GBM8	A0A0K1H474
A0A0C5GBM8	I7A3R7
A0A0C5GBM8	A0A2Z4EDV2
A0A0C5GBM8	Q6U1M2
A0A0C5GBM8	C0LJA0
A0A0C5GBM8	A0A6G9W2B5
A0A0C5GBM8	A0A089NF85
A0A0C5GBM8	A0A344X452
A0A0C5GBM8	A0A2I6SII7
A0A0C5GBM8	A0A218KKE1
A0A0C5GBM8	A0A6G9W525
A0A0C5GBM8	V9HZT9
A0A0C5GBM8	A0A6G9W536
A0A0C5GBM8	B5B405
A0A0C5GBM8	A0A0K0KCW0
A0A0C5GBM8	A0A344X462
A0A0C5GBM8	A0A481WV10
A0A0C5GBM8	B3U278
A0A0C5GBM8	A0A6B9SLD8
A0A0C5GBM8	A0A7G5WHU8
A0A0C5GBM8	A0A8E8MXD6
A0A0C5GBM8	A0A023JCU4
A0A0C5GBM8	A0A0A0RDA0
A0A0C5GBM8	A0A142DDQ4
A0A0C5GBM8	D4P4T5
A0A0C5GBM8	D4P4T7
A0A0C5GBM8	A0A891ZSB3
A0A0C5GBM8	A0A891ZSB6
A0A0C5GBM8	A0A2S1YEN4
A0A0C5GBM8	A0A5B9TM49
A0A0C5GBM8	F6ME12
A0A0C5GBM8	A7LFP9
A0A0C5GBM8	A0A4D6G0H8
A0A0C5GBM8	A0A344X457
A0A0C5GBM8	A0A0K1H4D7
A0A0C5GBM8	A0A5B9TM08
A0A0C5GBM8	R4U8Y8
A0A0C5GBM8	A0A6B9SLE5
A0A0C5GBM8	C9WCJ3
A0A0C5GBM8	C7SHF7
A0A0C5GBM8	B6ED06
A0A0C5GBM8	S4ULE7
A0A0C5GBM8	A0A811B319
A0A0C5GBM8	C7SHF6
A0A0C5GBM8	A0A6C0WAY9
A0A0C5GBM8	C7SHH1
A0A0C5GBM8	A0A4D6G3P3
A0A0C5GBM8	C6K8N5
A0A0C5GBM8	A0A0K1H429
A0A0C5GBM8	A0A5B8WC10
A0A0C5GBM8	A0A5J6KLY4
A0A0C5GBM8	A0A0K1H402
A0A0C5GBM8	C6K8N1
A0A0C5GBM8	A0A890CAZ3
A0A0C5GBM8	A0A3S8V920
A0A0C5GBM8	A0A0D5X2E9
A0A0C5GBM8	A0A0S1RTW6
A0A0C5GBM8	A0A1C9HJC5
A0A0C5GBM8	A0A344X463
A0A0C5GBM8	A0A2U9AEL2
A0A0C5GBM8	A0A2P1NR81
A0A0C5GBM8	A0A6C0W9E2
A0A0C5GBM8	A0A0K0NQW9
A0A0C5GBM8	A0A2P1NR87
A0A0C5GBM8	A0A0F6YED4
A0A0C5GBM8	A0A5B9TM14
A0A0C5GBM8	A0A0A0VC41
A0A0C5GBM8	A0A5J6KMH1
A0A0C5GBM8	A0A7G5WHV6
A0A0C5GBM8	C0LJ98
A0A0C5GBM8	M9VN57
A0A0C5GBM8	Q1EPL8
A0A0C5GBM8	A0A811B021
A0A0C5GBM8	A0A6G9W2E0
A0A0C5GBM8	B8K1P2
A0A0C5GBM8	S4UKV5
A0A0C5GBM8	A0A0F6YFZ4
A0A0C5GBM8	A0A5P8N648
A0A0C5GBM8	A0A1Y0BWD4
A0A0C5GBM8	A0A6M8NBV5
A0A0C5GBM8	A0A7S8ISW3
A0A0C5GBM8	B1PJW9
A0A0C5GBM8	W0P111
A0A0C5GBM8	A0A142DDP9
A0A0C5GBM8	A0A5B9TM32
A0A0C5GBM8	A0A2P1NR72
A0A0C5GBM8	Q3HXB8
A0A0C5GBM8	A0A0A0RBR4
A0A0C5GBM8	A0A8E5JPD1
A0A0C5GBM8	A0A0D5X238
A0A0C5GBM8	D3K3I1
A0A0C5GBM8	A0A890CAU6
A0A0C5GBM8	A0A0K1H496
A0A0C5GBM8	A0A0K1H3U5
A0A0C5GBM8	A0A5B9TM87
A0A0C5GBM8	A0A0F6YF17
A0A0C5GBM8	A8HTP9
A0A0C5GBM8	A0A4D6G3A3
A0A0C5GBM8	A0A7H1CRE2
A0A0C5GBM8	A0A8E8P256
A0A0C5GBM8	A0A895HLM5
A0A0C5GBM8	A0A386TLN4
A0A0C5GBM8	A0A290YXQ4
A0A0C5GBM8	D4P4S9
A0A0C5GBM8	A0A5J6KIF9
A0A0C5GBM8	A0A0A0RBT1
A0A0C5GBM8	C7SHF2
A0A0C5GBM8	A0A5B9TMB0
A0A0C5GBM8	A0A6C0W9D2
A0A0C5GBM8	E7D8V4
A0A0C5GBM8	I7AEG8
A0A0C5GBM8	A0A0A0VDS0
A0A0C5GBM8	A0A6B9SLS2
A0A0C5GBM8	A0A0K1H3S5
A0A0C5GBM8	A0A0K1H3Y6
A0A0C5GBM8	A0A8E8MWP2
A0A0C5GBM8	B8X1B5
A0A0C5GBM8	Q5UFK7
A0A0C5GBM8	A0A0K2GUD3
A0A0C5GBM8	A0A0H3WME0
A0A0C5GBM8	A0A5B9TM05
A0A0C5GBM8	A0A346QRW9
A0A0C5GBM8	A0A0A0RB35
A0A0C5GBM8	A0A140DBX6
A0A0C5GBM8	A0A0K1H472
A0A0C5GBM8	A0A0K1H447
A0A0C5GBM8	H2DL97
A0A0C5GBM8	A0A075DDC2
A0A0C5GBM8	S5MGD7
A0A0C5GBM8	A0A6C0WAX6
A0A0C5GBM8	L7QE30
A0A0C5GBM8	A0A290YXG4
A0A0C5GBM8	A0A291EU24
A0A0C5GBM8	R4TX85
A0A0C5GBM8	A0A8F5VT16
A0A0C5GBM8	A0A2Z2GXZ2
A0A0C5GBM8	A0A5P8U4D4
A0A0C5GBM8	A0A8F2ZGH6
A0A0C5GBM8	A0A2I6SII6
A0A0C5GBM8	A0A0A0RC04
A0A0C5GBM8	A0A344X450
A0A0C5GBM8	A0A2H4N401
A0A0C5GBM8	K9MC82
A0A0C5GBM8	E5D0S2
A0A0C5GBM8	A0A075DDE4
A0A0C5GBM8	A0A6M8NJI9
A0A0C5GBM8	C3PTB8
A0A0C5GBM8	A0A0S1RI82
A0A0C5GBM8	S5RW86
A0A0C5GBM8	E5D0R9
A0A0C5GBM8	A0A481WWR7
A0A0C5GBM8	A0A3P8MIC6
A0A0C5GBM8	A0A895HK81
A0A0C5GBM8	V9P4M4
A0A0C5GBM8	A0A4D6G0S4
A0A0C5GBM8	A0A4D6G0D2
A0A0C5GBM8	Q66208
A0A0C5GBM8	A0A1Y0BWC8
A0A0C5GBM8	A0A3S7H618
A0A0C5GBM8	Q5UFK4
A0A0C5GBM8	A0A140DBW9
A0A0C5GBM8	A0A5J6SHJ1
A0A0C5GBM8	A0A1Y0BWC5
A0A0C5GBM8	A0A6M3YC97
A0A0C5GBM8	A0A0K0NR75
A0A0C5GBM8	A0A5Q0V419
A0A0C5GBM8	W0P0Z2
A0A0C5GBM8	A0A0K1H441
A0A0C5GBM8	A0A2L1GIM0
A0A0C5GBM8	A0A023Q2Y4
A0A0C5GBM8	A0A5B8PA48
A0A0C5GBM8	A0A0D5X1N6
A0A0C5GBM8	A0A0E3GME5
A0A0C5GBM8	A0A5B8P8X5
A0A0C5GBM8	A0A0K0NR38
A0A0C5GBM8	A0A5B8PA56
A0A0C5GBM8	C7SHG1
A0A0C5GBM8	A0A6B7HXE3
A0A0C5GBM8	Q2F2S2
A0A0C5GBM8	A0A075DDB9
A0A0C5GBM8	A0A286LWX8
A0A0C5GBM8	A0A4D6G3B3
A0A0C5GBM8	E7D8W1
A0A0C5GBM8	B3U267
A0A0C5GBM8	B3U287
A0A0C5GBM8	A0A2I6SIV9
A0A0C5GBM8	A0A4D6G0M7
A0A0C5GBM8	A0A0K1H460
A0A0C5GBM8	A0A023Q3T4
A0A0C5GBM8	A0A8E8TYC9
A0A0C5GBM8	B8X1G8
A0A0C5GBM8	A0A023JCN5
A0A0C5GBM8	A0A7D6JUR1
A0A0C5GBM8	A0A0K1H449
A0A0C5GBM8	A0A6C0W983
A0A0C5GBM8	A0A3S7HBJ3
A0A0C5GBM8	A0A0F6VY54
A0A0C5GBM8	A0A6B9SNL0
A0A0C5GBM8	A0A810K9T1
A0A0C5GBM8	A0A8E8P122
A0A0C5GBM8	A0A890CC83
A0A0C5GBM8	A0A0K1H448
A0A0C5GBM8	A0A2S1YEM7
A0A0C5GBM8	A0A0E3JSI5
A0A0C5GBM8	A0A142DDN7
A0A0C5GBM8	Q2F2W0
A0A0C5GBM8	A0A6C0W999
A0A0C5GBM8	A0A3S7QF70
A0A0C5GBM8	J7ELF1
A0A0C5GBM8	A0A023PPS5
A0A0C5GBM8	H6ACW3
A0A0C5GBM8	A0A811B2C4
A0A0C5GBM8	B2ZG07
A0A0C5GBM8	A0A0S2I753
A0A0C5GBM8	A0A2I6SIJ6
A0A0C5GBM8	V9HZZ1
A0A0C5GBM8	Q66NX9
A0A0C5GBM8	A0A023JEH3
A0A0C5GBM8	A0A5B8P995
A0A0C5GBM8	A0A2P1HA01
A0A0C5GBM8	A0A0A0RD97
A0A0C5GBM8	G8J9E3
A0A0C5GBM8	C6K8N3
A0A0C5GBM8	G8J9B8
A0A0C5GBM8	B8Q693
A0A0C5GBM8	A0A5P8N5F9
A0A0C5GBM8	A0A1Y0BWE4
A0A0C5GBM8	Q45QJ0
A0A0C5GBM8	A0A481WWQ4
A0A0C5GBM8	A0A0K1H458
A0A0C5GBM8	A0A0K1H4E7
A0A0C5GBM8	V9HZU1
A0A0C5GBM8	A0A142DDP3
A0A0C5GBM8	A0A481WWS9
A0A0C5GBM8	A0A4P2U0P9
A0A0C5GBM8	A0A0K1H3X7
A0A0C5GBM8	A0A481WV53
A0A0C5GBM8	A0A2U9AEJ2
A0A0C5GBM8	A8VHT8
A0A0C5GBM8	I3WBE1
A0A0C5GBM8	A0A6B7KR52
A0A0C5GBM8	K9MC84
A0A0C5GBM8	Q5UFJ7
A0A0C5GBM8	G9BJ50
A0A0C5GBM8	D4P4T2
A0A0C5GBM8	A0A2I6SIJ5
A0A0C5GBM8	A0A6G9W346
A0A0C5GBM8	A0A386TLN5
A0A0C5GBM8	C7SHG5
A0A0C5GBM8	A0A023JEA9
A0A0C5GBM8	A0A1Y1CCL8
A0A0C5GBM8	A0A6B7KRT4
A0A0C5GBM8	A0A6H1QVC0
A0A0C5GBM8	A0A0H3WJ10
A0A0C5GBM8	A0A0E3M163
A0A0C5GBM8	Q6J1H2
A0A0C5GBM8	B2ZUH4
A0A0C5GBM8	A0A5B8WG90
A0A0C5GBM8	A0A140B7V8
A0A0C5GBM8	E7D8V9
A0A0C5GBM8	A6ZI49
A0A0C5GBM8	A0A075DDE1
A0A0C5GBM8	J7GV32
A0A0C5GBM8	A0A075DDD3
A0A0C5GBM8	A0A0K1H4I5
A0A0C5GBM8	K9MDD5
A0A0C5GBM8	A0A386TLS8
A0A0C5GBM8	A0A140DBX0
A0A0C5GBM8	A0A4D6G0H4
A0A0C5GBM8	A0A0K1H443
A0A0C5GBM8	A0A0K2GUN5
A0A0C5GBM8	Q5G0E2
A0A0C5GBM8	A0A5B9TMF9
A0A0C5GBM8	A0A5B9TM00
A0A0C5GBM8	C6K8N9
A0A0C5GBM8	A8WAE9
A0A0C5GBM8	A0A0S1RVJ9
A0A0C5GBM8	A0A6C0W8F0
A0A0C5GBM8	A0A3S5XAN7
A0A0C5GBM8	A0A7G6J4E6
A0A0C5GBM8	A0A6G9W1H3
A0A0C5GBM8	A0A4Y5SRY4
A0A0C5GBM8	A0A6G9W515
A0A0C5GBM8	A4GTA9
A0A0C5GBM8	C7SHF4
A0A0C5GBM8	Q9Q5J7
A0A0C5GBM8	A0A6G9W2V6
A0A0C5GBM8	G9BJ54
A0A0C5GBM8	A0A218KKE6
A0A0C5GBM8	A0A811B2T0
A0A0C5GBM8	A0A6B9SLR3
A0A0C5GBM8	A0A5B9TMD3
A0A0C5GBM8	G9BJ61
A0A0C5GBM8	A0A0K1H491
A0A0C5GBM8	A0A2Z4EEX5
A0A0C5GBM8	A0A4D6G299
A0A0C5GBM8	A0A0A0RC10
A0A0C5GBM8	E7D8W4
A0A0C5GBM8	S4VNA1
A0A0C5GBM8	E7D8W0
A0A0C5GBM8	A0A1P8P055
A0A0C5GBM8	A0A0K1H488
A0A0C5GBM8	A0A891ZS10
A0A0C5GBM8	A0A897THG6
A0A0C5GBM8	A0A141J927
A0A0C5GBM8	A0A6B7KJ49
A0A0C5GBM8	A0A0K1H3W9
A0A0C5GBM8	C7SHG0
A0A0C5GBM8	A0A6C0W980
A0A0C5GBM8	A0A4D6G0G7
A0A0C5GBM8	A0A8E8MXS4
A0A0C5GBM8	A0A0K1H3X2
A0A0C5GBM8	A0A4D6G386
A0A0C5GBM8	A0A4D6G0G0
A0A0C5GBM8	X5CKE5
A0A0C5GBM8	C6K8N4
A0A0C5GBM8	A8WAD9
A0A0C5GBM8	A0A4D6G0F9
A0A0C5GBM8	A0A1P8L129
A0A0C5GBM8	A5YZR8
A0A0C5GBM8	A0A1P8L139
A0A0C5GBM8	A0A0B5E9I3
A0A0C5GBM8	A0A811B070
A0A0C5GBM8	A0A023JEB2
A0A0C5GBM8	A0A6B7HXM2
A0A0C5GBM8	A0A6G9W360
A0A0C5GBM8	V9HZQ6
A0A0C5GBM8	P90357
A0A0C5GBM8	C7SHF0
A0A0C5GBM8	A0A7D5FXI0
A0A0C5GBM8	L7QDI8
A0A0C5GBM8	G9BJ51
A0A0C5GBM8	A0A5J6KHE4
A0A0C5GBM8	A0A2Z2GRD3
A0A0C5GBM8	D2KHM2
A0A0C5GBM8	K7T3D8
A0A0C5GBM8	A0A897TFQ0
A0A0C5GBM8	P89517
A0A0C5GBM8	A0A0H3WLK6
A0A0C5GBM8	B3U281
A0A0C5GBM8	A0A5P8N5I0
A0A0C5GBM8	A0A5J6SFL2
A0A0C5GBM8	A0A2I6SIV6
A0A0C5GBM8	Q9WKG9
A0A0C5GBM8	A0A6B9SLR2
A0A0C5GBM8	A0A023JCS5
A0A0C5GBM8	A0A8E8TXZ2
A0A0C5GBM8	P89947
A0A0C5GBM8	A0A0D5X1M7
A0A0C5GBM8	A0A0K1H4M1
A0A0C5GBM8	A0A142DDN9
A0A0C5GBM8	A0A0G3Y4S1
A0A0C5GBM8	A0A0E3GMF2
A0A0C5GBM8	A0A2U9AEJ5
A0A0C5GBM8	Q99I70
A0A0C5GBM8	A0A2U8Z7Z3
A0A0C5GBM8	E5D0Q9
A0A0C5GBM8	A0A4D6G0R1
A0A0C5GBM8	A0A0F6VY56
A0A0C5GBM8	A0A7S8F1X2
A0A0C5GBM8	D3XY08
A0A0C5GBM8	C9WCJ9
A0A0C5GBM8	A0A1P8P056
A0A0C5GBM8	C4PFG8
A0A0C5GBM8	P90351
A0A0C5GBM8	A0A6C0W8K1
A0A0C5GBM8	A0A811B0Y3
A0A0C5GBM8	C7SHG6
A0A0C5GBM8	V9HZR9
A0A0C5GBM8	C7SHH2
A0A0C5GBM8	A0A5B8PA65
A0A0C5GBM8	A0A482D3H7
A0A0C5GBM8	A0A8F3C6M7
A0A0C5GBM8	A0A5P8N5H7
A0A0C5GBM8	A0A8A6NJE4
A0A0C5GBM8	A0A4Y6AA57
A0A0C5GBM8	A0A0C5B7P2
A0A0C5GBM8	P90438
A0A0C5GBM8	A0A0K1H469
A0A0C5GBM8	A0A0K2GUB9
A0A0C5GBM8	B7U5I2
A0A0C5GBM8	A0A0K1H4B1
A0A0C5GBM8	A0A0U2STV5
A0A0C5GBM8	A0A075DDT6
A0A0C5GBM8	A0A0G3ZCP5
A0A0C5GBM8	A0A075DCW9
A0A0C5GBM8	A0A3Q8EC10
A0A0C5GBM8	H2DL95
A0A0C5GBM8	A0A4D6G0F7
A0A0C5GBM8	A0A4D6G0N4
A0A0C5GBM8	A0A0K1H454
A0A0C5GBM8	O90713
A0A0C5GBM8	C9WCJ6
A0A0C5GBM8	A0A5J6SHE4
A0A0C5GBM8	D3YE91
A0A0C5GBM8	A0A140DBY5
A0A0C5GBM8	A0A3S5G718
A0A0C5GBM8	A0A142DDP0
A0A0C5GBM8	A0A0D5X2S2
A0A0C5GBM8	A0A7G5WHW3
A0A0C5GBM8	B8X1I3
A0A0C5GBM8	A0A291EW47
A0A0C5GBM8	B8X1I2
A0A0C5GBM8	A0A2I6SII4
A0A0C5GBM8	A0A386TLV7
A0A0C5GBM8	C7SHG3
A0A0C5GBM8	C7SHH4
A0A0C5GBM8	A0A811B0G3
A0A0C5GBM8	A0A6G6FTS6
A0A0C5GBM8	K9MCK7
A0A0C5GBM8	A0A6G9W1M5
A0A0C5GBM8	G8J9C3
A0A0C5GBM8	P61826
A0A0C5GBM8	P90350
A0A0C5GBM8	A0A897THF9
A0A0C5GBM8	A0A5P8N6B5
A0A0C5GBM8	A0A5P8N5E4
A0A0C5GBM8	A0A0C5BIE1
A0A0C5GBM8	A0A5B8WEN8
A0A0C5GBM8	A0A6C0W5G1
A0A0C5GBM8	B3U273
A0A0C5GBM8	A0A2I6SIU0
A0A0C5GBM8	Q5UFK6
A0A0C5GBM8	A0A5Q0V417
A0A0C5GBM8	A0A075DCX0
A0A0C5GBM8	A0A481WVT2
A0A0C5GBM8	A0A3Q8EBQ9
A0A0C5GBM8	A0A5B8PAJ3
A0A0C5GBM8	A0A0K1H4F2
A0A0C5GBM8	A0A023Q402
A0A0C5GBM8	A0A6H1QUJ5
A0A0C5GBM8	A0A646SZJ6
A0A0C5GBM8	B2ZUH6
A0A0C5GBM8	A0A0K1H406
A0A0C5GBM8	A0A2I6SI52
A0A0C5GBM8	A0A8G1H0L4
A0A0C5GBM8	A0A023Q238
A0A0C5GBM8	A0A2L1GIN3
A0A0C5GBM8	A0A4D6G0F1
A0A0C5GBM8	A0A0D3RLC6
A0A0C5GBM8	G8J9B7
A0A0C5GBM8	L7QCU4
A0A0C5GBM8	A0A023JEH0
A0A0C5GBM8	A0A2Z2GSE6
A0A0C5GBM8	A0A8E8K292
A0A0C5GBM8	A0A2I6SIT4
A0A0C5GBM8	A0A2H4WN91
A0A0C5GBM8	A0A6G9W354
A0A0C5GBM8	A0A811B2U0
A0A0C5GBM8	B2ZG19
A0A0C5GBM8	D2KHM3
A0A0C5GBM8	A0A0K0NQY3
A0A0C5GBM8	A0A240G1A0
A0A0C5GBM8	A0A5B9TM34
A0A0C5GBM8	A0A286LWX7
A0A0C5GBM8	B8XU18
A0A0C5GBM8	A0A2S0SZC6
A0A0C5GBM8	A0A2Z4EHL0
A0A0C5GBM8	A0A6M8NSL2
A0A0C5GBM8	A0A0H3WJJ0
A0A0C5GBM8	A0A6B9SLQ7
A0A0C5GBM8	B1PPZ0
A0A0C5GBM8	A0A5B9LZA3
A0A0C5GBM8	A0A023JCS6
A0A0C5GBM8	A0A075DDC6
A0A0C5GBM8	A0A1Y0BWE6
A0A0C5GBM8	A0A0C5GFE9
A0A0C5GBM8	A0A5B9TLY0
A0A0C5GBM8	Q6BDY9
A0A0C5GBM8	A0A411PNF0
A0A0C5GBM8	A0A6C0W8J9
A0A0C5GBM8	B7U5I4
A0A0C5GBM8	O72727
A0A0C5GBM8	A0A2Z4EGE5
A0A0C5GBM8	A0A6C0W9B8
A0A0C5GBM8	A0A2S1NBZ9
A0A0C5GBM8	A0A5B9TME9
A0A0C5GBM8	D4P4S5
A0A0C5GBM8	A0A0S1RRS3
A0A0C5GBM8	L7QDJ8
A0A0C5GBM8	L7QDQ9
A0A0C5GBM8	A0A6B7HXG0
A0A0C5GBM8	A0A2I6SIW2
A0A0C5GBM8	A0A5B9TM16
A0A0C5GBM8	A0A2I6SIT8
A0A0C5GBM8	L7QDQ1
A0A0C5GBM8	A0A6C0W991
A0A0C5GBM8	A0A6G9W2V0
A0A0C5GBM8	A0A0A0RD83
A0A0C5GBM8	A0A0B5HH24
A0A0C5GBM8	O72893
A0A0C5GBM8	A0A1P8DCV3
A0A0C5GBM8	O72892
A0A0C5GBM8	A0A075DD74
A0A0C5GBM8	A0A4D6G0I3
A0A0C5GBM8	W0NXB8
A0A0C5GBM8	A0A1P8P032
A0A0C5GBM8	A0A344X469
A0A0C5GBM8	A0A0K1H3T5
A0A0C5GBM8	B1PJW8
A0A0C5GBM8	A0A344X3X5
A0A0C5GBM8	A0A0K1H3X3
A0A0C5GBM8	A0A023PNA3
A0A0C5GBM8	C9WCK0
A0A0C5GBM8	G0Z566
A0A0C5GBM8	E5D0R5
A0A0C5GBM8	A0A0F6SCX1
A0A0C5GBM8	A0A0K1H3S9
A0A0C5GBM8	A0A0K1H3X0
A0A0C5GBM8	A0A5J6KMN7
A0A0C5GBM8	A0A2P1NR79
A0A0C5GBM8	A0A0K1H3Y7
A0A0C5GBM8	A0A2I4PYA2
A0A0C5GBM8	A0A2S0SZV0
A0A0C5GBM8	B8X1H4
A0A0C5GBM8	A0A2I6SIM5
A0A0C5GBM8	Q9Q2N3
A0A0C5GBM8	A0A2I6SIK8
A0A0C5GBM8	A0A811B1N3
A0A0C5GBM8	A0A2I6SIH1
A0A0C5GBM8	A0A7G7WMG7
A0A0C5GBM8	A0A481WUW7
A0A0C5GBM8	A0A5B8P915
A0A0C5GBM8	G0Z572
A0A0C5GBM8	A0A8E8P2C5
A0A0C5GBM8	B8XU19
A0A0C5GBM8	A0A160EDG1
A0A0C5GBM8	A0A6C0W982
A0A0C5GBM8	C6K8N8
A0A0C5GBM8	A0A2P1DP60
A0A0C5GBM8	A0A1C9HJC6
A0A0C5GBM8	A0A2H4WN85
A0A0C5GBM8	A0A0K1H400
A0A0C5GBM8	A0A075DCP2
A0A0C5GBM8	A0A3S7H621
A0A0C5GBM8	A0A7H1CRC5
A0A0C5GBM8	B7U5I0
A0A0C5GBM8	C4P4A8
A0A0C5GBM8	A0A6B7KFS1
A0A0C5GBM8	H2DL94
A0A0C5GBM8	A0A2L1GIW7
A0A0C5GBM8	A0A2R4PCT9
A0A0C5GBM8	A0A4D6G0L8
A0A0C5GBM8	A0A023PPK8
A0A0C5GBM8	L7QCT8
A0A0C5GBM8	A0A2Z2GSE0
A0A0C5GBM8	A0A0D5X2D4
A0A0C5GBM8	A0A386TLW7
A0A0C5GBM8	Q9Q2N2
A0A0C5GBM8	A0A6G9W3U9
A0A0C5GBM8	A0A811B081
A0A0C5GBM8	A0A811B0B1
A0A0C5GBM8	A0A0C5GFF4
A0A0C5GBM8	Q2F2X4
A0A0C5GBM8	A0A5J6SHM2
A0A0C5GBM8	A0A8A5L175
A0A0C5GBM8	K9MCJ5
A0A0C5GBM8	E7D8W3
A0A0C5GBM8	A0A0C5GBM3
A0A7G6BR76	A0A7G6BR76
A0A8A4XE03	A0A8A4XE03
A0A8A4XDB8	A0A8A4XDB8
A0A1Z3FVQ1	A0A1Z3FVQ1
A0A1Z3FVQ1	A0A1Z3FVV9
A0A1Z3FVQ1	A0A1Z3FVT4
A0A1Z3FVQ1	A0A1Z3FVW9
A0A1Z3FVQ1	A0A1Z3FVU7
A0A1Z3FVQ1	A0A1Z3FVR7
A0A1Z3FVQ1	A0A1Z3FVL8
A0A1Z3FVQ1	A0A1Z3FVQ3
A0A1Z3FVQ1	A0A1Z3FVT5
A0A1Z3FVQ1	A0A1Z3FVN9
A0A1Z3FVQ1	A0A1Z3FVU2
A0A1Z3FVQ1	A0A1Z3FVW5
A0A1Z3FVQ1	A0A1Z3FVW4
A0A1Z3FVQ1	A0A1Z3FVQ4
A0A1Z3FVQ1	A0A1Z3FVU4
A0A1Z3FVQ1	A0A1Z3FVS6
A0A1Z3FVQ1	A0A1Z3FVS7
A0A1Z3FVQ1	A0A1Z3FVS1
A0A1Z3FVQ1	A0A1Z3FVV7
A0A1Z3FVQ1	A0A1Z3FVX7
A0A1Z3FVQ1	A0A1Z3FVR0
A0A1J0F5D5	A0A1J0F5D5
A0A1J0F5D5	A0A8A5YNF4
A0A894JFF7	A0A894JFF7
A0A894JFF7	A0A894JLS4
A0A894JFF7	A0A0D3MD90
A0A894JFF7	A0A894JCN6
A0A894JFF7	A0A0D3MCB9
A0A894JFF7	A0A894JC17
M1NNZ2	M1NNZ2
A0A8A4XDA8	A0A8A4XDA8
A0A7D3UH37	A0A7D3UH37
A0A7D3UH37	A0A7D3UGL4
A0A7D3UH37	A0A7D3QM80
A0A7D3UH37	A0A7D3UGK9
A0A7D3UH37	A0A7D3QJ68
A0A7D3UH37	A0A7D3V1F4
A0A1P8L135	A0A1P8L135
A0A1P8L135	A0A1Y1CBZ4
A0A1P8L135	P89881
A0A1P8L135	Q66NX8
A0A1P8L135	A7LBB0
A0A1P8L135	A0A2S0SZI5
A0A1P8L135	A0A451G2W7
A0A1P8L135	Q67463
A0A1P8L135	P17455
A0A1P8L135	A0A0A0VJ03
A0A1P8L135	A0A5J6SF77
A0A1P8L135	A0A2I7G3V4
A0A1P8L135	A0A4P2U3C9
A0A1P8L135	A0A7H1KVX7
A0A1P8L135	A0A291EW53
A0A1P8L135	A0A0M4G4W5
A0A1P8L135	B2ZFY6
A0A1P8L135	A0A2H4L2A5
A0A1P8L135	G8J9D8
A0A1P8L135	A0A4P2TY07
A0A1P8L135	A0A2S0SZM6
A0A1P8L135	Q2F2R9
A0A1P8L135	Q2F2W5
A0A1P8L135	A0A2S0SZV2
A0A1P8L135	A0FJ02
A0A1P8L135	A0A5B8P5I1
A0A1P8L135	A0A6G6FTP5
A0A1P8L135	A0A6C0W5X9
A0A1P8L135	B3GGJ7
A0A1P8L135	P04864
A0A1P8L135	A0A5B8P577
A0A1P8L135	Q66NY0
A0A1P8L135	A0A4P2U0H8
A0A1P8L135	A0A3G2BAZ7
A0A1P8L135	A0A0C5GDU4
A0A1P8L135	P24840
A0A1P8L135	A0A0A0VBY5
A0A1P8L135	B7XA56
A0A1P8L135	A0A5B8P4S4
A0A1P8L135	A0A2S0SZC4
A0A1P8L135	A0A891ZTQ8
A0A1P8L135	A0A5J6SEZ3
A0A1P8L135	A0A0A0VBZ5
A0A1P8L135	A0A5J6SG49
A0A1P8L135	A0A5J6SF34
A0A1P8L135	A0A6G6FU03
A0A1P8L135	A0A8F2ZGM4
A0A1P8L135	A0A0X9UMM5
A0A1P8L135	A0A0A0VCV0
A0A1P8L135	Q84394
A0A1P8L135	Q2F2S3
A0A1P8L135	A0A291EW03
A0A1P8L135	A0A386TTZ7
A0A1P8L135	G8J9D4
A0A1P8L135	P12930
A0A1P8L135	A0A1W6AYS5
A0A1P8L135	A0A891ZSL1
A0A1P8L135	A0A7S7LK74
A0A1P8L135	Q2F2X5
A0A1P8L135	K7Z6V0
A0A1P8L135	A0A6M3YDP2
A0A1P8L135	A0A3R5W6J7
A0A1P8L135	A0A646SXN5
A0A1P8L135	A0A2S0SZT2
A0A1P8L135	A0A649UEF1
A0A1P8L135	Q67465
A0A1P8L135	P04863
A0A1P8L135	A0A0A0VIS2
A0A1P8L135	G8J9E2
A0A1P8L135	A0A2P1DP59
A0A1P8L135	B7XA55
A0A1P8L135	A0A2H4L258
A0A1P8L135	A0A8F3BYA8
A0A1P8L135	A0A2I7G3V3
A0A1P8L135	A0A8F2ZGF9
A0A1P8L135	B9VQA9
A0A1P8L135	A0A1P8DCV2
A0A1P8L135	A0A0A0VG53
A0A1P8L135	A0A0S2I7W8
A0A1P8L135	A0A6B9RIV2
A0A1P8L135	A0A7S5D070
A0A1P8L135	A0A3G2BB30
A0A1P8L135	Q2F2U3
A0A1P8L135	Q03725
A0A1P8L135	A0A2S0SZT1
A0A1P8L135	A0A3Q8GW04
A0A1P8L135	Q66206
A0A1P8L135	A0A3S9SGF0
A0A1P8L135	A0A5B8P5D1
A0A1P8L135	A0A7U3RU73
A0A1P8L135	A0A6G6FTV7
A0A1P8L135	A0A6M8NR87
A0A1P8L135	A0A286R3K8
A0A1P8L135	A0A5J6SG96
A0A1P8L135	A0A891ZRQ9
A0A1P8L135	A0A386TTZ2
A0A1P8L135	A0A223FZ96
A0A1P8L135	A0A0S2I6S8
A0A1P8L135	A0A5J6SF92
A0A1P8L135	A0A2S0SZX1
A0A1P8L135	A0A7U3W0M4
A0A1P8L135	A0A5J6SG71
A0A1P8L135	M9Z128
A0A1P8L135	G8J9F8
A0A1P8L135	Q52H46
A0A1P8L135	A0A2S0SZL9
A0A1P8L135	V5RAM2
A0A1P8L135	A0A3S7QF93
A0A1P8L135	G8J9E6
A0A1P8L135	P90456
A0A1P8L135	I3UMP0
A0A1P8L135	A0A891ZSY1
A0A1P8L135	A0A6M8NX93
A0A1P8L135	A0A6C0W600
A0A1P8L135	A0A385DLD5
A0A1P8L135	A0A7S5D1C5
A0A1P8L135	A0A2S0SZX5
A0A1P8L135	A0A6M4EQQ4
A0A1P8L135	B2ZFZ4
A0A1P8L135	A0A0A0VGA8
A0A1P8L135	A0A2S0SZH9
A0A1P8L135	Q83293
A0A1P8L135	Q66NY2
A0A1P8L135	A0A2S0SZX3
A0A1P8L135	A0A0A0VIT4
A0A1P8L135	A0A5J6SFC3
A0A1P8L135	A0A2S0SZ68
A0A1P8L135	A0A1L6Z972
A0A1P8L135	A0A897TJJ0
A0A1P8L135	A0A8G0KIK6
A0A1P8L135	A0A3G2CI07
A0A1P8L135	Q2F2W1
A0A1P8L135	Q2F2S5
A0A1P8L135	A0A0M3R8I3
A0A1P8L135	Q84371
A0A1P8L135	A0A5J6SFY7
A0A1P8L135	A0A0A0VCS3
A0A1P8L135	Q5UFL7
A0A1P8L135	K7SRA8
A0A1P8L135	Q67466
A0A1P8L135	Q67464
A0A1P8L135	B2ZFZ0
A0A1P8L135	A0A8F5R554
A0A1P8L135	A0A2S0SZK1
A0A1P8L135	A0A0A0VDT0
A0A1P8L135	A0A0K0KCT5
A0A1P8L135	A0A8A5L3W5
A0A1P8L135	A0A7U3NGE2
A0A1P8L135	P27437
A0A1P8L135	A0A2U8Z7Z2
A0A1P8L135	A0A0M4G4V7
A0A1P8L135	Q70M73
A0A1P8L135	A0A8F2Z0J1
A0A1P8L135	A0A7U3NGF5
A0A1P8L135	A0A0A0VC35
A0A1P8L135	A0A2S0SZA2
A0A1P8L135	P89690
A0A1P8L135	B2ZFZ8
A0A1P8L135	A0A649UEA0
A0A1P8L135	A0A6C0W7M2
A0A1P8L135	G8FRI4
A0A1P8L135	A0A0A0VCW5
A0A1P8L135	A0A0B5HAW1
A0A1P8L135	A0A8F3C5G2
A0A1P8L135	A0A5B8P517
A0A1P8L135	Q83292
A0A1P8L135	A0A346QRJ1
A0A1P8L135	A0A0A0VG68
A0A1P8L135	B2ZG22
A0A1P8L135	A0A1Y1CCT4
A0A1P8L135	A0A6G6FTR6
A0A1P8L135	A0A5J6SG77
A0A1P8L135	B2ZG02
A0A1P8L135	P89689
A0A1P8L135	A0A0A0VDX9
A0A1P8L135	A0A2U8Z8U4
A0A1P8L135	P89882
A0A1P8L135	A0A646SXN2
A0A1P8L135	G8J9G6
A0A1P8L135	A0A8F3BZ49
A0A1P8L135	Q03726
A0A1P8L135	A0A0A0VC70
A0A1P8L135	A0A6G6FTW9
A0A1P8L135	A0A0A0VCX7
A0A1P8L135	A0A649UFH4
A0A1P8L135	A0A7S4YEN9
A0A1P8L135	B2ZG18
A0A1P8L135	G8J9F0
A0A1P8L135	A0A1B1FKZ6
A0A1P8L135	A0A6M4EJ35
A0A1P8L135	A0A6C0W6F0
J9PNL0	J9PNL0
J9PNL0	H9A262
J9PNL0	H9A264
J9PNL0	B0YZI5
J9PNL0	H9A242
J9PNL0	B0YZG9
J9PNL0	J9PQ03
J9PNL0	H9A259
J9PNL0	H9A273
A0A1S6EM70	A0A1S6EM70
A0A1S6EM70	A0A6M3MSF5
A0A1S6EM70	A0A0A7W5B3
A0A1S6EM70	A0A1S6EM73
A0A1S6EM70	A0A6M3MSE9
A0A1S6EM70	D3X6X8
A0A1S6EM70	A0A1S6EM66
A0A1S6EM70	D3X6X0
A0A1S6EM70	A0A1S6EM81
A0A1S6EM70	A0A0K0LBL5
A0A1S6EM70	A0A6M3N0I2
A0A1S6EM70	A0A1S6EM92
A0A1S6EM70	A0A1S6EM56
A0A1S6EM70	A0A1S6EM63
A0A1S6EM70	A0A1S6EM24
A0A1S6EM70	D3X6X4
A0A1S6EM70	A0A1S6EM74
A0A1S6EM70	A0A1S6EM90
A0A1S6EM70	A0A1S6EM61
A0A1S6EM70	A0A1S6EM86
A0A1S6EM70	A0A1S6EM76
A0A1S6EM70	A0A1S6EM98
A0A1S6EM70	A0A1S6EM80
A0A1S6EM70	A0A1S6EM82
A0A1S6EM70	A0A1L6Z979
A0A513PZL7	A0A513PZL7
A0A513PZL7	A0A513PZU1
A0A513PZL7	A0A513PZR5
A0A513PZL7	A0A513PZW7
A0A513PZL7	A0A513PZN8
A0A513PZL7	A0A513PZP6
A0A513PZL7	A0A513PZP8
A0A513PZL7	A0A513PZN6
A0A513PZL7	A0A513PZW5
A0A2H4RDR8	A0A2H4RDR8
U3QY02	U3QY02
